-- VisitaDoctores Auto Backup
-- Generated: 2026-03-18T01:57:11.942Z
-- ============================================================

SET client_encoding = 'UTF8';

-- Table: doctors
TRUNCATE TABLE doctors RESTART IDENTITY CASCADE;
INSERT INTO doctors (id, name, specialty, phone, email, address, notes, created_at, updated_at, license) VALUES (2, 'ORLANDO  GUTIERREZ ARCOS', '', '', '', '', '', '2026-03-16T23:53:54.735Z', '2026-03-16T23:53:54.735Z', '');
INSERT INTO doctors (id, name, specialty, phone, email, address, notes, created_at, updated_at, license) VALUES (3, 'ORLANDO GUTIERREZ ARCOS', '', '', '', '', '', '2026-03-17T00:02:45.055Z', '2026-03-17T00:02:45.055Z', NULL);
INSERT INTO doctors (id, name, specialty, phone, email, address, notes, created_at, updated_at, license) VALUES (4, 'JUAN RAMON REYES FERNADEZ', '', '', '', '', '', '2026-03-17T02:10:44.094Z', '2026-03-17T02:10:44.094Z', NULL);
INSERT INTO doctors (id, name, specialty, phone, email, address, notes, created_at, updated_at, license) VALUES (5, 'GENERAL SAM FM', '', '', '', '', '', '2026-03-17T02:16:21.268Z', '2026-03-17T02:16:21.268Z', NULL);
INSERT INTO doctors (id, name, specialty, phone, email, address, notes, created_at, updated_at, license) VALUES (6, 'JESUS DOMINGO MENNAH ABDO', '', '', '', '', '', '2026-03-17T02:16:21.465Z', '2026-03-17T02:16:21.465Z', NULL);
INSERT INTO doctors (id, name, specialty, phone, email, address, notes, created_at, updated_at, license) VALUES (7, 'CARLOS A. MAGALLON NU??EZ', '', '', '', '', '', '2026-03-17T02:16:21.666Z', '2026-03-17T02:16:21.666Z', NULL);
INSERT INTO doctors (id, name, specialty, phone, email, address, notes, created_at, updated_at, license) VALUES (8, 'NABILA ALEXANDRA ORDO??EZ SALAS', '', '', '', '', '', '2026-03-17T02:16:21.877Z', '2026-03-17T02:16:21.877Z', NULL);
INSERT INTO doctors (id, name, specialty, phone, email, address, notes, created_at, updated_at, license) VALUES (9, 'JOSE JUAN RADE PE??A', '', '', '', '', '', '2026-03-17T02:16:22.395Z', '2026-03-17T02:16:22.395Z', NULL);
INSERT INTO doctors (id, name, specialty, phone, email, address, notes, created_at, updated_at, license) VALUES (10, 'JOSE MANUEL ALEJANDRO VEGA Y LOPEZ', '', '', '', '', '', '2026-03-17T02:16:22.599Z', '2026-03-17T02:16:22.599Z', NULL);
INSERT INTO doctors (id, name, specialty, phone, email, address, notes, created_at, updated_at, license) VALUES (11, 'ISAAC GONZALEZ HERNANDEZ', '', '', '', '', '', '2026-03-17T02:16:23.831Z', '2026-03-17T02:16:23.831Z', NULL);
INSERT INTO doctors (id, name, specialty, phone, email, address, notes, created_at, updated_at, license) VALUES (12, 'LUIS VELAZQUEZ VILLASE??OR', '', '', '', '', '', '2026-03-17T02:16:24.622Z', '2026-03-17T02:16:24.622Z', NULL);
INSERT INTO doctors (id, name, specialty, phone, email, address, notes, created_at, updated_at, license) VALUES (13, 'RICARDO SALAS FLORES', '', '', '', '', '', '2026-03-17T02:16:25.034Z', '2026-03-17T02:16:25.034Z', NULL);
INSERT INTO doctors (id, name, specialty, phone, email, address, notes, created_at, updated_at, license) VALUES (14, 'JUAN QUINTANILLA VERA', '', '', '', '', '', '2026-03-17T02:16:25.236Z', '2026-03-17T02:16:25.236Z', NULL);
INSERT INTO doctors (id, name, specialty, phone, email, address, notes, created_at, updated_at, license) VALUES (15, 'MANUEL GONZALEZ GONZALEZ', '', '', '', '', '', '2026-03-17T02:16:25.500Z', '2026-03-17T02:16:25.500Z', NULL);
INSERT INTO doctors (id, name, specialty, phone, email, address, notes, created_at, updated_at, license) VALUES (16, 'JESUS ROBERTO PERALES RAMIREZ', '', '', '', '', '', '2026-03-17T02:16:26.019Z', '2026-03-17T02:16:26.019Z', NULL);
INSERT INTO doctors (id, name, specialty, phone, email, address, notes, created_at, updated_at, license) VALUES (17, 'ERNESTO HERNANDEZ LEAL', '', '', '', '', '', '2026-03-17T02:16:27.469Z', '2026-03-17T02:16:27.469Z', NULL);
INSERT INTO doctors (id, name, specialty, phone, email, address, notes, created_at, updated_at, license) VALUES (18, 'ANGEL ALBERTO LAREDO RIOS', '', '', '', '', '', '2026-03-17T02:16:29.657Z', '2026-03-17T02:16:29.657Z', NULL);
INSERT INTO doctors (id, name, specialty, phone, email, address, notes, created_at, updated_at, license) VALUES (19, 'GUSTAVO ADOLFO CALAFELL SALGADO', '', '', '', '', '', '2026-03-17T02:16:33.250Z', '2026-03-17T02:16:33.250Z', NULL);
INSERT INTO doctors (id, name, specialty, phone, email, address, notes, created_at, updated_at, license) VALUES (20, 'JESUS ARTURO CABALLERO CAMPILLO', '', '', '', '', '', '2026-03-17T02:16:33.671Z', '2026-03-17T02:16:33.671Z', NULL);
INSERT INTO doctors (id, name, specialty, phone, email, address, notes, created_at, updated_at, license) VALUES (21, 'ARMANDO TORRES NAVA', '', '', '', '', '', '2026-03-17T02:16:33.878Z', '2026-03-17T02:16:33.878Z', NULL);
INSERT INTO doctors (id, name, specialty, phone, email, address, notes, created_at, updated_at, license) VALUES (22, 'MONICA MARTINEZ MARIN', '', '', '', '', '', '2026-03-17T02:16:34.799Z', '2026-03-17T02:16:34.799Z', NULL);
INSERT INTO doctors (id, name, specialty, phone, email, address, notes, created_at, updated_at, license) VALUES (23, 'HECTOR MALDONADO VIGIL', '', '', '', '', '', '2026-03-17T02:16:35.247Z', '2026-03-17T02:16:35.247Z', NULL);
INSERT INTO doctors (id, name, specialty, phone, email, address, notes, created_at, updated_at, license) VALUES (24, 'FRANCISCO SANCHEZ SANCHEZ', '', '', '', '', '', '2026-03-17T02:16:36.063Z', '2026-03-17T02:16:36.063Z', NULL);
INSERT INTO doctors (id, name, specialty, phone, email, address, notes, created_at, updated_at, license) VALUES (25, 'J ALFREDO GONZALEZ GONZALEZ', '', '', '', '', '', '2026-03-17T02:16:36.449Z', '2026-03-17T02:16:36.449Z', NULL);
INSERT INTO doctors (id, name, specialty, phone, email, address, notes, created_at, updated_at, license) VALUES (26, 'JORGE DELGADO GARCIA', '', '', '', '', '', '2026-03-17T02:16:38.453Z', '2026-03-17T02:16:38.453Z', NULL);
INSERT INTO doctors (id, name, specialty, phone, email, address, notes, created_at, updated_at, license) VALUES (27, 'ADOLFO REYES FUEN', '', '', '', '', '', '2026-03-17T02:16:38.860Z', '2026-03-17T02:16:38.860Z', NULL);
INSERT INTO doctors (id, name, specialty, phone, email, address, notes, created_at, updated_at, license) VALUES (28, 'JOSE LORENZO VILLALOBOS GUTIERREZ', '', '', '', '', '', '2026-03-17T02:16:39.228Z', '2026-03-17T02:16:39.228Z', NULL);
INSERT INTO doctors (id, name, specialty, phone, email, address, notes, created_at, updated_at, license) VALUES (29, 'MARIO ALBERTO ARANDA LOPEZ', '', '', '', '', '', '2026-03-17T02:16:39.652Z', '2026-03-17T02:16:39.652Z', NULL);
INSERT INTO doctors (id, name, specialty, phone, email, address, notes, created_at, updated_at, license) VALUES (30, 'JUAN ENRIQUE CRUZ ORTIZ', '', '', '', '', '', '2026-03-17T02:16:40.381Z', '2026-03-17T02:16:40.381Z', NULL);
INSERT INTO doctors (id, name, specialty, phone, email, address, notes, created_at, updated_at, license) VALUES (31, 'CARLOS ENRIQUE ESPINOZA PEREZ', '', '', '', '', '', '2026-03-17T02:16:41.648Z', '2026-03-17T02:16:41.648Z', NULL);
INSERT INTO doctors (id, name, specialty, phone, email, address, notes, created_at, updated_at, license) VALUES (32, 'DOCTOR GENERAL', '', '', '', '', '', '2026-03-17T02:16:43.726Z', '2026-03-17T02:16:43.726Z', NULL);
INSERT INTO doctors (id, name, specialty, phone, email, address, notes, created_at, updated_at, license) VALUES (33, 'LUIS GABRIEL SANCHEZ SALINAS', '', '', '', '', '', '2026-03-17T02:16:46.214Z', '2026-03-17T02:16:46.214Z', NULL);
INSERT INTO doctors (id, name, specialty, phone, email, address, notes, created_at, updated_at, license) VALUES (34, 'HECTOR G. ESPINOZA MARTINEZ', '', '', '', '', '', '2026-03-17T02:16:49.324Z', '2026-03-17T02:16:49.324Z', NULL);
INSERT INTO doctors (id, name, specialty, phone, email, address, notes, created_at, updated_at, license) VALUES (35, 'BERTHA ALICIA SANCHEZ TOVAR', '', '', '', '', '', '2026-03-17T02:16:49.512Z', '2026-03-17T02:16:49.512Z', NULL);
INSERT INTO doctors (id, name, specialty, phone, email, address, notes, created_at, updated_at, license) VALUES (36, 'BERTHA LAURA SALINAS RUIZ', '', '', '', '', '', '2026-03-17T02:16:50.905Z', '2026-03-17T02:16:50.905Z', NULL);
INSERT INTO doctors (id, name, specialty, phone, email, address, notes, created_at, updated_at, license) VALUES (37, 'JOSE MANUEL BATANCOURT BETANCOURT', '', '', '', '', '', '2026-03-18T01:51:35.584Z', '2026-03-18T01:51:35.584Z', NULL);
INSERT INTO doctors (id, name, specialty, phone, email, address, notes, created_at, updated_at, license) VALUES (38, 'NABILA ALEXANDRA ORDOÑEZ SALAS', '', '', '', '', '', '2026-03-18T01:51:35.984Z', '2026-03-18T01:51:35.984Z', NULL);

-- Table: products
TRUNCATE TABLE products RESTART IDENTITY CASCADE;
INSERT INTO products (id, name, presentation, laboratory, description, created_at, updated_at, barcode, ranking, price) VALUES (7, 'ZYXEM FRASCO 200ML', '', '', '', '2026-03-16T23:53:54.754Z', '2026-03-16T23:53:54.754Z', '', '', '0.00');
INSERT INTO products (id, name, presentation, laboratory, description, created_at, updated_at, barcode, ranking, price) VALUES (8, 'FEBRAX INFANTIL SUPOS C/5', '', '', '', '2026-03-17T02:10:44.104Z', '2026-03-17T02:10:44.104Z', '', '', '0.00');
INSERT INTO products (id, name, presentation, laboratory, description, created_at, updated_at, barcode, ranking, price) VALUES (9, 'NAXIFELAR 500 MG CAP C/20', '', '', '', '2026-03-17T02:16:21.274Z', '2026-03-17T02:16:21.274Z', '', '', '0.00');
INSERT INTO products (id, name, presentation, laboratory, description, created_at, updated_at, barcode, ranking, price) VALUES (10, 'TROFERIT FLOW JBE 120 ML', '', '', '', '2026-03-17T02:16:21.671Z', '2026-03-17T02:16:21.671Z', '', '', '0.00');
INSERT INTO products (id, name, presentation, laboratory, description, created_at, updated_at, barcode, ranking, price) VALUES (11, 'CEFAXONA IM 1 G C/1 JER Y AMP 3.5 ML', '', '', '', '2026-03-17T02:16:21.882Z', '2026-03-17T02:16:21.882Z', '', '', '0.00');
INSERT INTO products (id, name, presentation, laboratory, description, created_at, updated_at, barcode, ranking, price) VALUES (12, 'KOPTIN 500 MG C/3 TAB', '', '', '', '2026-03-17T02:16:22.402Z', '2026-03-17T02:16:22.402Z', '', '', '0.00');
INSERT INTO products (id, name, presentation, laboratory, description, created_at, updated_at, barcode, ranking, price) VALUES (13, 'ALLEGRA D TAB 10', '', '', '', '2026-03-17T02:16:22.604Z', '2026-03-17T02:16:22.604Z', '', '', '450.00');
INSERT INTO products (id, name, presentation, laboratory, description, created_at, updated_at, barcode, ranking, price) VALUES (14, 'OMURO 40 MG TAB 30', '', '', '', '2026-03-17T02:16:23.035Z', '2026-03-17T02:16:23.035Z', '', '', '0.00');
INSERT INTO products (id, name, presentation, laboratory, description, created_at, updated_at, barcode, ranking, price) VALUES (15, 'SELTAFERON 75 MG C/10 CAPS', '', '', '', '2026-03-17T02:16:23.388Z', '2026-03-17T02:16:23.388Z', '', '', '0.00');
INSERT INTO products (id, name, presentation, laboratory, description, created_at, updated_at, barcode, ranking, price) VALUES (16, 'JARDIANZ 25MG 30 TABS', '', '', '', '2026-03-17T02:16:23.628Z', '2026-03-17T02:16:23.628Z', '', '', '0.00');
INSERT INTO products (id, name, presentation, laboratory, description, created_at, updated_at, barcode, ranking, price) VALUES (17, 'BEDOYECTA CAPS C/30', '', '', '', '2026-03-17T02:16:23.837Z', '2026-03-17T02:16:23.837Z', '', '', '320.00');
INSERT INTO products (id, name, presentation, laboratory, description, created_at, updated_at, barcode, ranking, price) VALUES (18, 'INFALIN DUO 3/0.25MG SOL OTICA 10ML', '', '', '', '2026-03-17T02:16:24.628Z', '2026-03-17T02:16:24.628Z', '', '', '0.00');
INSERT INTO products (id, name, presentation, laboratory, description, created_at, updated_at, barcode, ranking, price) VALUES (19, 'MACROZIT 500 MG TAB C/5', '', '', '', '2026-03-17T02:16:25.241Z', '2026-03-17T02:16:25.241Z', '', '', '0.00');
INSERT INTO products (id, name, presentation, laboratory, description, created_at, updated_at, barcode, ranking, price) VALUES (20, 'DENVAR 400MG CAPS C/6', '', '', '', '2026-03-17T02:16:25.824Z', '2026-03-17T02:16:25.824Z', '', '', '0.00');
INSERT INTO products (id, name, presentation, laboratory, description, created_at, updated_at, barcode, ranking, price) VALUES (21, 'TERBAC 1G INY IM', '', '', '', '2026-03-17T02:16:26.024Z', '2026-03-17T02:16:26.024Z', '', '', '0.00');
INSERT INTO products (id, name, presentation, laboratory, description, created_at, updated_at, barcode, ranking, price) VALUES (22, 'NEXIUM 10MG GRANULADO C/28', '', '', '', '2026-03-17T02:16:26.243Z', '2026-03-17T02:16:26.243Z', '', '', '0.00');
INSERT INTO products (id, name, presentation, laboratory, description, created_at, updated_at, barcode, ranking, price) VALUES (23, 'TROFERIT 30 MG C/15 TAB', '', '', '', '2026-03-17T02:16:27.086Z', '2026-03-17T02:16:27.086Z', '', '', '0.00');
INSERT INTO products (id, name, presentation, laboratory, description, created_at, updated_at, barcode, ranking, price) VALUES (24, 'TIAMINAL B12 50,000U C/5 AMP Y JER', '', '', '', '2026-03-17T02:16:27.277Z', '2026-03-17T02:16:27.277Z', '', '', '0.00');
INSERT INTO products (id, name, presentation, laboratory, description, created_at, updated_at, barcode, ranking, price) VALUES (25, 'MACROZIT SUSP 30 ML 6 DIAS', '', '', '', '2026-03-17T02:16:27.473Z', '2026-03-17T02:16:27.473Z', '', '', '0.00');
INSERT INTO products (id, name, presentation, laboratory, description, created_at, updated_at, barcode, ranking, price) VALUES (26, 'ZYMIR-AB 75MG 10 CAPS', '', '', '', '2026-03-17T02:16:27.676Z', '2026-03-17T02:16:27.676Z', '', '', '0.00');
INSERT INTO products (id, name, presentation, laboratory, description, created_at, updated_at, barcode, ranking, price) VALUES (27, 'LACTEOL FORT 16 CAPS 10MIL MILL', '', '', '', '2026-03-17T02:16:29.662Z', '2026-03-17T02:16:29.662Z', '', '', '0.00');
INSERT INTO products (id, name, presentation, laboratory, description, created_at, updated_at, barcode, ranking, price) VALUES (28, 'VIBRAMICINA 100MG CAPS 10', '', '', '', '2026-03-17T02:16:30.788Z', '2026-03-17T02:16:30.788Z', '', '', '0.00');
INSERT INTO products (id, name, presentation, laboratory, description, created_at, updated_at, barcode, ranking, price) VALUES (29, 'DENVAR 2 G SUSP 100 ML', '', '', '', '2026-03-17T02:16:31.174Z', '2026-03-17T02:16:31.174Z', '', '', '0.00');
INSERT INTO products (id, name, presentation, laboratory, description, created_at, updated_at, barcode, ranking, price) VALUES (30, 'CELESTAMINE NS C/20 TABS', '', '', '', '2026-03-17T02:16:31.556Z', '2026-03-17T02:16:31.556Z', '', '', '0.00');
INSERT INTO products (id, name, presentation, laboratory, description, created_at, updated_at, barcode, ranking, price) VALUES (31, 'BOJIDAR 120 MG CON 7 CPR', '', '', '', '2026-03-17T02:16:32.910Z', '2026-03-17T02:16:32.910Z', '', '', '0.00');
INSERT INTO products (id, name, presentation, laboratory, description, created_at, updated_at, barcode, ranking, price) VALUES (32, 'LIBONIDE INF 125/250MG C/5 AMP', '', '', '', '2026-03-17T02:16:33.472Z', '2026-03-17T02:16:33.472Z', '', '', '0.00');
INSERT INTO products (id, name, presentation, laboratory, description, created_at, updated_at, barcode, ranking, price) VALUES (33, 'METEOSPASMYL C/20 CAPS', '', '', '', '2026-03-17T02:16:33.676Z', '2026-03-17T02:16:33.676Z', '', '', '0.00');
INSERT INTO products (id, name, presentation, laboratory, description, created_at, updated_at, barcode, ranking, price) VALUES (34, 'GABIROL 100 MG C/14 CAPS', '', '', '', '2026-03-17T02:16:33.883Z', '2026-03-17T02:16:33.883Z', '', '', '0.00');
INSERT INTO products (id, name, presentation, laboratory, description, created_at, updated_at, barcode, ranking, price) VALUES (35, 'TROFERIT FLOW 30/30MG TAB C/15', '', '', '', '2026-03-17T02:16:34.078Z', '2026-03-17T02:16:34.078Z', '', '', '0.00');
INSERT INTO products (id, name, presentation, laboratory, description, created_at, updated_at, barcode, ranking, price) VALUES (36, 'MOTRIN SUSP INF 120 ML', '', '', '', '2026-03-17T02:16:34.805Z', '2026-03-17T02:16:34.805Z', '', '', '0.00');
INSERT INTO products (id, name, presentation, laboratory, description, created_at, updated_at, barcode, ranking, price) VALUES (37, 'ZINOLOX 400 MG TAB 7', '', '', '', '2026-03-17T02:16:35.251Z', '2026-03-17T02:16:35.251Z', '', '', '0.00');
INSERT INTO products (id, name, presentation, laboratory, description, created_at, updated_at, barcode, ranking, price) VALUES (38, 'CEFTREX IM 1G C/1 JER Y AMP 3.5 ML', '', '', '', '2026-03-17T02:16:36.069Z', '2026-03-17T02:16:36.069Z', '', '', '0.00');
INSERT INTO products (id, name, presentation, laboratory, description, created_at, updated_at, barcode, ranking, price) VALUES (39, 'COMBIVENT C/10 AMP P/NEB 2.5 ML', '', '', '', '2026-03-17T02:16:36.266Z', '2026-03-17T02:16:36.266Z', '', '', '0.00');
INSERT INTO products (id, name, presentation, laboratory, description, created_at, updated_at, barcode, ranking, price) VALUES (40, 'ENTEROGERMINA 2 BILLONES C/10 AMPOLLETAS', '', '', '', '2026-03-17T02:16:39.233Z', '2026-03-17T02:16:39.233Z', '', '', '0.00');
INSERT INTO products (id, name, presentation, laboratory, description, created_at, updated_at, barcode, ranking, price) VALUES (41, 'ESTHIPIA 400MG 5 TABLETAS', '', '', '', '2026-03-17T02:16:39.445Z', '2026-03-17T02:16:39.445Z', '', '', '0.00');
INSERT INTO products (id, name, presentation, laboratory, description, created_at, updated_at, barcode, ranking, price) VALUES (42, 'ICOBLIS 40/500/500MG TRAT P/7 DIAS', '', '', '', '2026-03-17T02:16:39.659Z', '2026-03-17T02:16:39.659Z', '', '', '0.00');
INSERT INTO products (id, name, presentation, laboratory, description, created_at, updated_at, barcode, ranking, price) VALUES (43, 'KOPTIN 200MG SUSP 22.5ML', '', '', '', '2026-03-17T02:16:40.386Z', '2026-03-17T02:16:40.386Z', '', '', '0.00');
INSERT INTO products (id, name, presentation, laboratory, description, created_at, updated_at, barcode, ranking, price) VALUES (44, 'FILCOS 90 MG C/14 TAB', '', '', '', '2026-03-17T02:16:40.587Z', '2026-03-17T02:16:40.587Z', '', '', '0.00');
INSERT INTO products (id, name, presentation, laboratory, description, created_at, updated_at, barcode, ranking, price) VALUES (45, 'DORIXINA-RELAX 125/5MG C/20 TABS', '', '', '', '2026-03-17T02:16:41.656Z', '2026-03-17T02:16:41.656Z', '', '', '0.00');
INSERT INTO products (id, name, presentation, laboratory, description, created_at, updated_at, barcode, ranking, price) VALUES (46, 'FILCOS 120 MG C/7 TAB', '', '', '', '2026-03-17T02:16:41.876Z', '2026-03-17T02:16:41.876Z', '', '', '0.00');
INSERT INTO products (id, name, presentation, laboratory, description, created_at, updated_at, barcode, ranking, price) VALUES (47, 'DAFLON C/20 TAB', '', '', '', '2026-03-17T02:16:42.225Z', '2026-03-17T02:16:42.225Z', '', '', '0.00');
INSERT INTO products (id, name, presentation, laboratory, description, created_at, updated_at, barcode, ranking, price) VALUES (48, 'CELESTAMINE NS 5/0.25MG C/10 TABS', '', '', '', '2026-03-17T02:16:48.271Z', '2026-03-17T02:16:48.271Z', '', '', '0.00');
INSERT INTO products (id, name, presentation, laboratory, description, created_at, updated_at, barcode, ranking, price) VALUES (49, 'VIRAZIDE 400 MG CAPS C/18', '', '', '', '2026-03-17T02:16:50.709Z', '2026-03-17T02:16:50.709Z', '', '', '0.00');
INSERT INTO products (id, name, presentation, laboratory, description, created_at, updated_at, barcode, ranking, price) VALUES (50, 'FLEVOX 500 MG C/14 TAB', '', '', '', '2026-03-18T01:51:35.485Z', '2026-03-18T01:51:35.485Z', '', '', '0.00');
INSERT INTO products (id, name, presentation, laboratory, description, created_at, updated_at, barcode, ranking, price) VALUES (51, 'ESPAVEN ENZIM GRAG 50', '', '', '', '2026-03-18T01:51:35.682Z', '2026-03-18T01:51:35.682Z', '', '', '0.00');

-- Table: inventory_stocks
TRUNCATE TABLE inventory_stocks RESTART IDENTITY CASCADE;

-- Table: sales_history
TRUNCATE TABLE sales_history RESTART IDENTITY CASCADE;
INSERT INTO sales_history (id, doctor_id, product_id, quantity, sale_date, raw_text, parsed_at, created_at) VALUES (6, 2, 7, 1, '2026-02-28T00:00:00.000Z', 'Email Sync: Seguimiento FarmaLike', '2026-03-16T23:53:54.760Z', '2026-03-16T23:53:54.760Z');
INSERT INTO sales_history (id, doctor_id, product_id, quantity, sale_date, raw_text, parsed_at, created_at) VALUES (10, 3, 7, 1, '2026-02-28T00:00:00.000Z', 'Email UID 8 | Ticket 260024', '2026-03-17T00:46:17.838Z', '2026-03-17T00:46:17.838Z');
INSERT INTO sales_history (id, doctor_id, product_id, quantity, sale_date, raw_text, parsed_at, created_at) VALUES (11, 4, 8, 1, '2026-02-27T00:00:00.000Z', 'Email UID 1 | Ticket 143', '2026-03-17T02:10:44.112Z', '2026-03-17T02:10:44.112Z');
INSERT INTO sales_history (id, doctor_id, product_id, quantity, sale_date, raw_text, parsed_at, created_at) VALUES (13, 5, 9, 1, '2026-02-27T00:00:00.000Z', 'Email UID 4 | Ticket 259973', '2026-03-17T02:16:21.280Z', '2026-03-17T02:16:21.280Z');
INSERT INTO sales_history (id, doctor_id, product_id, quantity, sale_date, raw_text, parsed_at, created_at) VALUES (14, 6, 9, 1, '2026-02-27T00:00:00.000Z', 'Email UID 5 | Ticket 200700', '2026-03-17T02:16:21.471Z', '2026-03-17T02:16:21.471Z');
INSERT INTO sales_history (id, doctor_id, product_id, quantity, sale_date, raw_text, parsed_at, created_at) VALUES (15, 7, 10, 1, '2026-02-27T00:00:00.000Z', 'Email UID 6 | Ticket 200707', '2026-03-17T02:16:21.676Z', '2026-03-17T02:16:21.676Z');
INSERT INTO sales_history (id, doctor_id, product_id, quantity, sale_date, raw_text, parsed_at, created_at) VALUES (16, 8, 11, 2, '2026-02-27T00:00:00.000Z', 'Email UID 7 | Ticket 590619', '2026-03-17T02:16:21.888Z', '2026-03-17T02:16:21.888Z');
INSERT INTO sales_history (id, doctor_id, product_id, quantity, sale_date, raw_text, parsed_at, created_at) VALUES (18, 9, 12, 1, '2026-02-28T00:00:00.000Z', 'Email UID 9 | Ticket 590651', '2026-03-17T02:16:22.408Z', '2026-03-17T02:16:22.408Z');
INSERT INTO sales_history (id, doctor_id, product_id, quantity, sale_date, raw_text, parsed_at, created_at) VALUES (19, 10, 13, 1, '2026-02-28T00:00:00.000Z', 'Email UID 10 | Ticket 590657', '2026-03-17T02:16:22.610Z', '2026-03-17T02:16:22.610Z');
INSERT INTO sales_history (id, doctor_id, product_id, quantity, sale_date, raw_text, parsed_at, created_at) VALUES (20, 5, 10, 1, '2026-02-28T00:00:00.000Z', 'Email UID 11 | Ticket 590660', '2026-03-17T02:16:22.826Z', '2026-03-17T02:16:22.826Z');
INSERT INTO sales_history (id, doctor_id, product_id, quantity, sale_date, raw_text, parsed_at, created_at) VALUES (21, 5, 14, 1, '2026-02-28T00:00:00.000Z', 'Email UID 12 | Ticket 590689', '2026-03-17T02:16:23.042Z', '2026-03-17T02:16:23.042Z');
INSERT INTO sales_history (id, doctor_id, product_id, quantity, sale_date, raw_text, parsed_at, created_at) VALUES (22, 4, 15, 1, '2026-03-01T00:00:00.000Z', 'Email UID 13 | Ticket 590747', '2026-03-17T02:16:23.401Z', '2026-03-17T02:16:23.401Z');
INSERT INTO sales_history (id, doctor_id, product_id, quantity, sale_date, raw_text, parsed_at, created_at) VALUES (23, 5, 16, 1, '2026-03-02T00:00:00.000Z', 'Email UID 14 | Ticket 590788', '2026-03-17T02:16:23.634Z', '2026-03-17T02:16:23.634Z');
INSERT INTO sales_history (id, doctor_id, product_id, quantity, sale_date, raw_text, parsed_at, created_at) VALUES (24, 11, 17, 1, '2026-03-02T00:00:00.000Z', 'Email UID 15 | Ticket 1378149', '2026-03-17T02:16:23.843Z', '2026-03-17T02:16:23.843Z');
INSERT INTO sales_history (id, doctor_id, product_id, quantity, sale_date, raw_text, parsed_at, created_at) VALUES (25, 4, 15, 1, '2026-03-02T00:00:00.000Z', 'Email UID 16 | Ticket 200740', '2026-03-17T02:16:24.077Z', '2026-03-17T02:16:24.077Z');
INSERT INTO sales_history (id, doctor_id, product_id, quantity, sale_date, raw_text, parsed_at, created_at) VALUES (26, 4, 15, 2, '2026-03-02T00:00:00.000Z', 'Email UID 17 | Ticket 200741', '2026-03-17T02:16:24.279Z', '2026-03-17T02:16:24.279Z');
INSERT INTO sales_history (id, doctor_id, product_id, quantity, sale_date, raw_text, parsed_at, created_at) VALUES (27, 12, 18, 1, '2026-03-02T00:00:00.000Z', 'Email UID 18 | Ticket 200742', '2026-03-17T02:16:24.634Z', '2026-03-17T02:16:24.634Z');
INSERT INTO sales_history (id, doctor_id, product_id, quantity, sale_date, raw_text, parsed_at, created_at) VALUES (28, 5, 10, 1, '2026-03-02T00:00:00.000Z', 'Email UID 19 | Ticket 590829', '2026-03-17T02:16:24.835Z', '2026-03-17T02:16:24.835Z');
INSERT INTO sales_history (id, doctor_id, product_id, quantity, sale_date, raw_text, parsed_at, created_at) VALUES (29, 13, 7, 1, '2026-03-02T00:00:00.000Z', 'Email UID 20 | Ticket 590843', '2026-03-17T02:16:25.042Z', '2026-03-17T02:16:25.042Z');
INSERT INTO sales_history (id, doctor_id, product_id, quantity, sale_date, raw_text, parsed_at, created_at) VALUES (30, 14, 19, 1, '2026-03-03T00:00:00.000Z', 'Email UID 21 | Ticket 590908', '2026-03-17T02:16:25.247Z', '2026-03-17T02:16:25.247Z');
INSERT INTO sales_history (id, doctor_id, product_id, quantity, sale_date, raw_text, parsed_at, created_at) VALUES (31, 15, 19, 1, '2026-03-03T00:00:00.000Z', 'Email UID 22 | Ticket 200771', '2026-03-17T02:16:25.505Z', '2026-03-17T02:16:25.505Z');
INSERT INTO sales_history (id, doctor_id, product_id, quantity, sale_date, raw_text, parsed_at, created_at) VALUES (32, 15, 20, 1, '2026-03-03T00:00:00.000Z', 'Email UID 23 | Ticket 200771', '2026-03-17T02:16:25.830Z', '2026-03-17T02:16:25.830Z');
INSERT INTO sales_history (id, doctor_id, product_id, quantity, sale_date, raw_text, parsed_at, created_at) VALUES (33, 16, 21, 1, '2026-03-03T00:00:00.000Z', 'Email UID 24 | Ticket 260173', '2026-03-17T02:16:26.030Z', '2026-03-17T02:16:26.030Z');
INSERT INTO sales_history (id, doctor_id, product_id, quantity, sale_date, raw_text, parsed_at, created_at) VALUES (34, 5, 22, 1, '2026-03-03T00:00:00.000Z', 'Email UID 25 | Ticket 590949', '2026-03-17T02:16:26.249Z', '2026-03-17T02:16:26.249Z');
INSERT INTO sales_history (id, doctor_id, product_id, quantity, sale_date, raw_text, parsed_at, created_at) VALUES (35, 16, 21, 3, '2026-03-03T00:00:00.000Z', 'Email UID 26 | Ticket 260174', '2026-03-17T02:16:26.436Z', '2026-03-17T02:16:26.436Z');
INSERT INTO sales_history (id, doctor_id, product_id, quantity, sale_date, raw_text, parsed_at, created_at) VALUES (36, 16, 20, 1, '2026-03-03T00:00:00.000Z', 'Email UID 27 | Ticket 260174', '2026-03-17T02:16:26.644Z', '2026-03-17T02:16:26.644Z');
INSERT INTO sales_history (id, doctor_id, product_id, quantity, sale_date, raw_text, parsed_at, created_at) VALUES (37, 5, 23, 1, '2026-03-04T00:00:00.000Z', 'Email UID 28 | Ticket 591011', '2026-03-17T02:16:27.090Z', '2026-03-17T02:16:27.090Z');
INSERT INTO sales_history (id, doctor_id, product_id, quantity, sale_date, raw_text, parsed_at, created_at) VALUES (38, 11, 24, 1, '2026-03-04T00:00:00.000Z', 'Email UID 29 | Ticket 638213', '2026-03-17T02:16:27.280Z', '2026-03-17T02:16:27.280Z');
INSERT INTO sales_history (id, doctor_id, product_id, quantity, sale_date, raw_text, parsed_at, created_at) VALUES (39, 17, 25, 1, '2026-03-04T00:00:00.000Z', 'Email UID 30 | Ticket 260221', '2026-03-17T02:16:27.477Z', '2026-03-17T02:16:27.477Z');
INSERT INTO sales_history (id, doctor_id, product_id, quantity, sale_date, raw_text, parsed_at, created_at) VALUES (40, 16, 26, 1, '2026-03-04T00:00:00.000Z', 'Email UID 31 | Ticket 260228', '2026-03-17T02:16:27.680Z', '2026-03-17T02:16:27.680Z');
INSERT INTO sales_history (id, doctor_id, product_id, quantity, sale_date, raw_text, parsed_at, created_at) VALUES (41, 18, 27, 1, '2026-03-05T00:00:00.000Z', 'Email UID 34 | Ticket 260257', '2026-03-17T02:16:29.667Z', '2026-03-17T02:16:29.667Z');
INSERT INTO sales_history (id, doctor_id, product_id, quantity, sale_date, raw_text, parsed_at, created_at) VALUES (42, 16, 11, 3, '2026-03-05T00:00:00.000Z', 'Email UID 35 | Ticket 591112', '2026-03-17T02:16:29.860Z', '2026-03-17T02:16:29.860Z');
INSERT INTO sales_history (id, doctor_id, product_id, quantity, sale_date, raw_text, parsed_at, created_at) VALUES (43, 16, 21, 2, '2026-03-05T00:00:00.000Z', 'Email UID 37 | Ticket 260265', '2026-03-17T02:16:30.233Z', '2026-03-17T02:16:30.233Z');
INSERT INTO sales_history (id, doctor_id, product_id, quantity, sale_date, raw_text, parsed_at, created_at) VALUES (44, 16, 28, 1, '2026-03-05T00:00:00.000Z', 'Email UID 38 | Ticket 260265', '2026-03-17T02:16:30.793Z', '2026-03-17T02:16:30.793Z');
INSERT INTO sales_history (id, doctor_id, product_id, quantity, sale_date, raw_text, parsed_at, created_at) VALUES (45, 16, 29, 1, '2026-03-05T00:00:00.000Z', 'Email UID 40 | Ticket 260272', '2026-03-17T02:16:31.178Z', '2026-03-17T02:16:31.178Z');
INSERT INTO sales_history (id, doctor_id, product_id, quantity, sale_date, raw_text, parsed_at, created_at) VALUES (46, 11, 30, 1, '2026-03-05T00:00:00.000Z', 'Email UID 42 | Ticket 591124', '2026-03-17T02:16:31.560Z', '2026-03-17T02:16:31.560Z');
INSERT INTO sales_history (id, doctor_id, product_id, quantity, sale_date, raw_text, parsed_at, created_at) VALUES (47, 4, 11, 6, '2026-03-05T00:00:00.000Z', 'Email UID 43 | Ticket 200818', '2026-03-17T02:16:32.075Z', '2026-03-17T02:16:32.075Z');
INSERT INTO sales_history (id, doctor_id, product_id, quantity, sale_date, raw_text, parsed_at, created_at) VALUES (48, 4, 26, 1, '2026-03-05T00:00:00.000Z', 'Email UID 44 | Ticket 200818', '2026-03-17T02:16:32.273Z', '2026-03-17T02:16:32.273Z');
INSERT INTO sales_history (id, doctor_id, product_id, quantity, sale_date, raw_text, parsed_at, created_at) VALUES (49, 4, 15, 1, '2026-03-05T00:00:00.000Z', 'Email UID 45 | Ticket 200818', '2026-03-17T02:16:32.463Z', '2026-03-17T02:16:32.463Z');
INSERT INTO sales_history (id, doctor_id, product_id, quantity, sale_date, raw_text, parsed_at, created_at) VALUES (50, 11, 31, 1, '2026-03-06T00:00:00.000Z', 'Email UID 47 | Ticket 591204', '2026-03-17T02:16:32.915Z', '2026-03-17T02:16:32.915Z');
INSERT INTO sales_history (id, doctor_id, product_id, quantity, sale_date, raw_text, parsed_at, created_at) VALUES (51, 19, 9, 1, '2026-03-06T00:00:00.000Z', 'Email UID 48 | Ticket 260331', '2026-03-17T02:16:33.256Z', '2026-03-17T02:16:33.256Z');
INSERT INTO sales_history (id, doctor_id, product_id, quantity, sale_date, raw_text, parsed_at, created_at) VALUES (52, 11, 32, 1, '2026-03-06T00:00:00.000Z', 'Email UID 49 | Ticket 591264', '2026-03-17T02:16:33.478Z', '2026-03-17T02:16:33.478Z');
INSERT INTO sales_history (id, doctor_id, product_id, quantity, sale_date, raw_text, parsed_at, created_at) VALUES (53, 20, 33, 1, '2026-03-07T00:00:00.000Z', 'Email UID 50 | Ticket 260347', '2026-03-17T02:16:33.681Z', '2026-03-17T02:16:33.681Z');
INSERT INTO sales_history (id, doctor_id, product_id, quantity, sale_date, raw_text, parsed_at, created_at) VALUES (54, 21, 34, 1, '2026-03-07T00:00:00.000Z', 'Email UID 51 | Ticket 591271', '2026-03-17T02:16:33.888Z', '2026-03-17T02:16:33.888Z');
INSERT INTO sales_history (id, doctor_id, product_id, quantity, sale_date, raw_text, parsed_at, created_at) VALUES (55, 4, 35, 1, '2026-03-07T00:00:00.000Z', 'Email UID 52 | Ticket 200850', '2026-03-17T02:16:34.082Z', '2026-03-17T02:16:34.082Z');
INSERT INTO sales_history (id, doctor_id, product_id, quantity, sale_date, raw_text, parsed_at, created_at) VALUES (56, 22, 36, 1, '2026-03-07T00:00:00.000Z', 'Email UID 54 | Ticket 260356', '2026-03-17T02:16:34.809Z', '2026-03-17T02:16:34.809Z');
INSERT INTO sales_history (id, doctor_id, product_id, quantity, sale_date, raw_text, parsed_at, created_at) VALUES (57, 11, 16, 1, '2026-03-07T00:00:00.000Z', 'Email UID 55 | Ticket 591303', '2026-03-17T02:16:35.056Z', '2026-03-17T02:16:35.056Z');
INSERT INTO sales_history (id, doctor_id, product_id, quantity, sale_date, raw_text, parsed_at, created_at) VALUES (58, 23, 37, 1, '2026-03-07T00:00:00.000Z', 'Email UID 56 | Ticket 591319', '2026-03-17T02:16:35.255Z', '2026-03-17T02:16:35.255Z');
INSERT INTO sales_history (id, doctor_id, product_id, quantity, sale_date, raw_text, parsed_at, created_at) VALUES (59, 24, 38, 2, '2026-03-07T00:00:00.000Z', 'Email UID 59 | Ticket 591342', '2026-03-17T02:16:36.074Z', '2026-03-17T02:16:36.074Z');
INSERT INTO sales_history (id, doctor_id, product_id, quantity, sale_date, raw_text, parsed_at, created_at) VALUES (60, 5, 39, 1, '2026-03-08T00:00:00.000Z', 'Email UID 60 | Ticket 591369', '2026-03-17T02:16:36.271Z', '2026-03-17T02:16:36.271Z');
INSERT INTO sales_history (id, doctor_id, product_id, quantity, sale_date, raw_text, parsed_at, created_at) VALUES (61, 25, 9, 1, '2026-03-08T00:00:00.000Z', 'Email UID 61 | Ticket 591377', '2026-03-17T02:16:36.454Z', '2026-03-17T02:16:36.454Z');
INSERT INTO sales_history (id, doctor_id, product_id, quantity, sale_date, raw_text, parsed_at, created_at) VALUES (62, 16, 17, 1, '2026-03-08T00:00:00.000Z', 'Email UID 62 | Ticket 591382', '2026-03-17T02:16:36.643Z', '2026-03-17T02:16:36.643Z');
INSERT INTO sales_history (id, doctor_id, product_id, quantity, sale_date, raw_text, parsed_at, created_at) VALUES (63, 11, 16, 1, '2026-03-09T00:00:00.000Z', 'Email UID 65 | Ticket 638378', '2026-03-17T02:16:38.072Z', '2026-03-17T02:16:38.072Z');
INSERT INTO sales_history (id, doctor_id, product_id, quantity, sale_date, raw_text, parsed_at, created_at) VALUES (64, 26, 11, 3, '2026-03-09T00:00:00.000Z', 'Email UID 67 | Ticket 200866', '2026-03-17T02:16:38.458Z', '2026-03-17T02:16:38.458Z');
INSERT INTO sales_history (id, doctor_id, product_id, quantity, sale_date, raw_text, parsed_at, created_at) VALUES (65, 27, 20, 1, '2026-03-09T00:00:00.000Z', 'Email UID 68 | Ticket 591475', '2026-03-17T02:16:38.870Z', '2026-03-17T02:16:38.870Z');
INSERT INTO sales_history (id, doctor_id, product_id, quantity, sale_date, raw_text, parsed_at, created_at) VALUES (66, 28, 40, 1, '2026-03-09T00:00:00.000Z', 'Email UID 69 | Ticket 260470', '2026-03-17T02:16:39.239Z', '2026-03-17T02:16:39.239Z');
INSERT INTO sales_history (id, doctor_id, product_id, quantity, sale_date, raw_text, parsed_at, created_at) VALUES (67, 12, 41, 1, '2026-03-09T00:00:00.000Z', 'Email UID 70 | Ticket 200884', '2026-03-17T02:16:39.457Z', '2026-03-17T02:16:39.457Z');
INSERT INTO sales_history (id, doctor_id, product_id, quantity, sale_date, raw_text, parsed_at, created_at) VALUES (68, 29, 42, 1, '2026-03-10T00:00:00.000Z', 'Email UID 71 | Ticket 591509', '2026-03-17T02:16:39.665Z', '2026-03-17T02:16:39.665Z');
INSERT INTO sales_history (id, doctor_id, product_id, quantity, sale_date, raw_text, parsed_at, created_at) VALUES (69, 30, 43, 1, '2026-03-10T00:00:00.000Z', 'Email UID 73 | Ticket 591558', '2026-03-17T02:16:40.392Z', '2026-03-17T02:16:40.392Z');
INSERT INTO sales_history (id, doctor_id, product_id, quantity, sale_date, raw_text, parsed_at, created_at) VALUES (70, 16, 44, 1, '2026-03-10T00:00:00.000Z', 'Email UID 74 | Ticket 260515', '2026-03-17T02:16:40.592Z', '2026-03-17T02:16:40.592Z');
INSERT INTO sales_history (id, doctor_id, product_id, quantity, sale_date, raw_text, parsed_at, created_at) VALUES (71, 16, 44, 1, '2026-03-10T00:00:00.000Z', 'Email UID 75 | Ticket 260515', '2026-03-17T02:16:40.797Z', '2026-03-17T02:16:40.797Z');
INSERT INTO sales_history (id, doctor_id, product_id, quantity, sale_date, raw_text, parsed_at, created_at) VALUES (72, 31, 45, 1, '2026-03-10T00:00:00.000Z', 'Email UID 78 | Ticket 591588', '2026-03-17T02:16:41.670Z', '2026-03-17T02:16:41.670Z');
INSERT INTO sales_history (id, doctor_id, product_id, quantity, sale_date, raw_text, parsed_at, created_at) VALUES (73, 11, 46, 1, '2026-03-10T00:00:00.000Z', 'Email UID 79 | Ticket 591589', '2026-03-17T02:16:41.894Z', '2026-03-17T02:16:41.894Z');
INSERT INTO sales_history (id, doctor_id, product_id, quantity, sale_date, raw_text, parsed_at, created_at) VALUES (74, 4, 47, 1, '2026-03-11T00:00:00.000Z', 'Email UID 80 | Ticket 200910', '2026-03-17T02:16:42.263Z', '2026-03-17T02:16:42.263Z');
INSERT INTO sales_history (id, doctor_id, product_id, quantity, sale_date, raw_text, parsed_at, created_at) VALUES (75, 4, 47, 1, '2026-03-11T00:00:00.000Z', 'Email UID 81 | Ticket 200910', '2026-03-17T02:16:42.516Z', '2026-03-17T02:16:42.516Z');
INSERT INTO sales_history (id, doctor_id, product_id, quantity, sale_date, raw_text, parsed_at, created_at) VALUES (76, 32, 47, 1, '2026-03-11T00:00:00.000Z', 'Email UID 84 | Ticket 591637', '2026-03-17T02:16:43.738Z', '2026-03-17T02:16:43.738Z');
INSERT INTO sales_history (id, doctor_id, product_id, quantity, sale_date, raw_text, parsed_at, created_at) VALUES (77, 11, 46, 1, '2026-03-12T00:00:00.000Z', 'Email UID 89 | Ticket 591756', '2026-03-17T02:16:45.088Z', '2026-03-17T02:16:45.088Z');
INSERT INTO sales_history (id, doctor_id, product_id, quantity, sale_date, raw_text, parsed_at, created_at) VALUES (78, 16, 21, 5, '2026-03-12T00:00:00.000Z', 'Email UID 90 | Ticket 591777', '2026-03-17T02:16:45.276Z', '2026-03-17T02:16:45.276Z');
INSERT INTO sales_history (id, doctor_id, product_id, quantity, sale_date, raw_text, parsed_at, created_at) VALUES (79, 16, 21, 5, '2026-03-12T00:00:00.000Z', 'Email UID 91 | Ticket 591777', '2026-03-17T02:16:45.477Z', '2026-03-17T02:16:45.477Z');
INSERT INTO sales_history (id, doctor_id, product_id, quantity, sale_date, raw_text, parsed_at, created_at) VALUES (80, 33, 11, 5, '2026-03-12T00:00:00.000Z', 'Email UID 93 | Ticket 591785', '2026-03-17T02:16:46.225Z', '2026-03-17T02:16:46.225Z');
INSERT INTO sales_history (id, doctor_id, product_id, quantity, sale_date, raw_text, parsed_at, created_at) VALUES (81, 16, 11, 4, '2026-03-13T00:00:00.000Z', 'Email UID 96 | Ticket 591837', '2026-03-17T02:16:46.858Z', '2026-03-17T02:16:46.858Z');
INSERT INTO sales_history (id, doctor_id, product_id, quantity, sale_date, raw_text, parsed_at, created_at) VALUES (82, 16, 11, 4, '2026-03-13T00:00:00.000Z', 'Email UID 97 | Ticket 591837', '2026-03-17T02:16:47.056Z', '2026-03-17T02:16:47.056Z');
INSERT INTO sales_history (id, doctor_id, product_id, quantity, sale_date, raw_text, parsed_at, created_at) VALUES (83, 11, 48, 1, '2026-03-13T00:00:00.000Z', 'Email UID 101 | Ticket 591869', '2026-03-17T02:16:48.276Z', '2026-03-17T02:16:48.276Z');
INSERT INTO sales_history (id, doctor_id, product_id, quantity, sale_date, raw_text, parsed_at, created_at) VALUES (84, 11, 10, 1, '2026-03-13T00:00:00.000Z', 'Email UID 102 | Ticket 591887', '2026-03-17T02:16:48.514Z', '2026-03-17T02:16:48.514Z');
INSERT INTO sales_history (id, doctor_id, product_id, quantity, sale_date, raw_text, parsed_at, created_at) VALUES (85, 34, 17, 1, '2026-03-14T00:00:00.000Z', 'Email UID 104 | Ticket 260682', '2026-03-17T02:16:49.329Z', '2026-03-17T02:16:49.329Z');
INSERT INTO sales_history (id, doctor_id, product_id, quantity, sale_date, raw_text, parsed_at, created_at) VALUES (86, 35, 39, 1, '2026-03-14T00:00:00.000Z', 'Email UID 105 | Ticket 591928', '2026-03-17T02:16:49.518Z', '2026-03-17T02:16:49.518Z');
INSERT INTO sales_history (id, doctor_id, product_id, quantity, sale_date, raw_text, parsed_at, created_at) VALUES (87, 33, 32, 1, '2026-03-14T00:00:00.000Z', 'Email UID 108 | Ticket 591985', '2026-03-17T02:16:50.333Z', '2026-03-17T02:16:50.333Z');
INSERT INTO sales_history (id, doctor_id, product_id, quantity, sale_date, raw_text, parsed_at, created_at) VALUES (88, 32, 49, 1, '2026-03-15T00:00:00.000Z', 'Email UID 110 | Ticket 592054', '2026-03-17T02:16:50.714Z', '2026-03-17T02:16:50.714Z');
INSERT INTO sales_history (id, doctor_id, product_id, quantity, sale_date, raw_text, parsed_at, created_at) VALUES (89, 36, 48, 1, '2026-03-16T00:00:00.000Z', 'Email UID 111 | Ticket 592074', '2026-03-17T02:16:50.913Z', '2026-03-17T02:16:50.913Z');
INSERT INTO sales_history (id, doctor_id, product_id, quantity, sale_date, raw_text, parsed_at, created_at) VALUES (90, 24, 11, 2, '2026-03-16T00:00:00.000Z', 'Email UID 112 | Ticket 592090', '2026-03-17T02:16:51.113Z', '2026-03-17T02:16:51.113Z');
INSERT INTO sales_history (id, doctor_id, product_id, quantity, sale_date, raw_text, parsed_at, created_at) VALUES (91, 11, 42, 1, '2026-03-16T00:00:00.000Z', 'Email UID 119 | Ticket 592126', '2026-03-17T02:16:51.642Z', '2026-03-17T02:16:51.642Z');
INSERT INTO sales_history (id, doctor_id, product_id, quantity, sale_date, raw_text, parsed_at, created_at) VALUES (109, 32, 50, 1, '2026-03-17T00:00:00.000Z', 'Email UID 121 | Ticket 638682', '2026-03-18T01:51:35.494Z', '2026-03-18T01:51:35.494Z');
INSERT INTO sales_history (id, doctor_id, product_id, quantity, sale_date, raw_text, parsed_at, created_at) VALUES (110, 37, 11, 1, '2026-03-17T00:00:00.000Z', 'Email UID 122 | Ticket 592173', '2026-03-18T01:51:35.590Z', '2026-03-18T01:51:35.590Z');
INSERT INTO sales_history (id, doctor_id, product_id, quantity, sale_date, raw_text, parsed_at, created_at) VALUES (111, 11, 51, 1, '2026-03-17T00:00:00.000Z', 'Email UID 123 | Ticket 592178', '2026-03-18T01:51:35.686Z', '2026-03-18T01:51:35.686Z');
INSERT INTO sales_history (id, doctor_id, product_id, quantity, sale_date, raw_text, parsed_at, created_at) VALUES (112, 38, 17, 1, '2026-03-17T00:00:00.000Z', 'Email UID 124 | Ticket 592181', '2026-03-18T01:51:35.988Z', '2026-03-18T01:51:35.988Z');
