-- Auto-generated seed data from backup_final_sesion.sql
-- Generated by generate_seed.js

-- Table: doctors
INSERT INTO doctors ("id", "name", "specialty", "phone", "email", "address", "notes", "created_at", "updated_at", "license") VALUES (2, 'ORLANDO  GUTIERREZ ARCOS', '', '', '', '', '', '2026-03-16 23:53:54.735+00', '2026-03-16 23:53:54.735+00', '') ON CONFLICT (id) DO NOTHING;
INSERT INTO doctors ("id", "name", "specialty", "phone", "email", "address", "notes", "created_at", "updated_at", "license") VALUES (3, 'ORLANDO GUTIERREZ ARCOS', '', '', '', '', '', '2026-03-17 00:02:45.055+00', '2026-03-17 00:02:45.055+00', NULL) ON CONFLICT (id) DO NOTHING;
INSERT INTO doctors ("id", "name", "specialty", "phone", "email", "address", "notes", "created_at", "updated_at", "license") VALUES (4, 'JUAN RAMON REYES FERNADEZ', '', '', '', '', '', '2026-03-17 02:10:44.094+00', '2026-03-17 02:10:44.094+00', NULL) ON CONFLICT (id) DO NOTHING;
INSERT INTO doctors ("id", "name", "specialty", "phone", "email", "address", "notes", "created_at", "updated_at", "license") VALUES (5, 'GENERAL SAM FM', '', '', '', '', '', '2026-03-17 02:16:21.268+00', '2026-03-17 02:16:21.268+00', NULL) ON CONFLICT (id) DO NOTHING;
INSERT INTO doctors ("id", "name", "specialty", "phone", "email", "address", "notes", "created_at", "updated_at", "license") VALUES (6, 'JESUS DOMINGO MENNAH ABDO', '', '', '', '', '', '2026-03-17 02:16:21.465+00', '2026-03-17 02:16:21.465+00', NULL) ON CONFLICT (id) DO NOTHING;
INSERT INTO doctors ("id", "name", "specialty", "phone", "email", "address", "notes", "created_at", "updated_at", "license") VALUES (7, 'CARLOS A. MAGALLON NU??EZ', '', '', '', '', '', '2026-03-17 02:16:21.666+00', '2026-03-17 02:16:21.666+00', NULL) ON CONFLICT (id) DO NOTHING;
INSERT INTO doctors ("id", "name", "specialty", "phone", "email", "address", "notes", "created_at", "updated_at", "license") VALUES (8, 'NABILA ALEXANDRA ORDO??EZ SALAS', '', '', '', '', '', '2026-03-17 02:16:21.877+00', '2026-03-17 02:16:21.877+00', NULL) ON CONFLICT (id) DO NOTHING;
INSERT INTO doctors ("id", "name", "specialty", "phone", "email", "address", "notes", "created_at", "updated_at", "license") VALUES (9, 'JOSE JUAN RADE PE??A', '', '', '', '', '', '2026-03-17 02:16:22.395+00', '2026-03-17 02:16:22.395+00', NULL) ON CONFLICT (id) DO NOTHING;
INSERT INTO doctors ("id", "name", "specialty", "phone", "email", "address", "notes", "created_at", "updated_at", "license") VALUES (10, 'JOSE MANUEL ALEJANDRO VEGA Y LOPEZ', '', '', '', '', '', '2026-03-17 02:16:22.599+00', '2026-03-17 02:16:22.599+00', NULL) ON CONFLICT (id) DO NOTHING;
INSERT INTO doctors ("id", "name", "specialty", "phone", "email", "address", "notes", "created_at", "updated_at", "license") VALUES (11, 'ISAAC GONZALEZ HERNANDEZ', '', '', '', '', '', '2026-03-17 02:16:23.831+00', '2026-03-17 02:16:23.831+00', NULL) ON CONFLICT (id) DO NOTHING;
INSERT INTO doctors ("id", "name", "specialty", "phone", "email", "address", "notes", "created_at", "updated_at", "license") VALUES (12, 'LUIS VELAZQUEZ VILLASE??OR', '', '', '', '', '', '2026-03-17 02:16:24.622+00', '2026-03-17 02:16:24.622+00', NULL) ON CONFLICT (id) DO NOTHING;
INSERT INTO doctors ("id", "name", "specialty", "phone", "email", "address", "notes", "created_at", "updated_at", "license") VALUES (13, 'RICARDO SALAS FLORES', '', '', '', '', '', '2026-03-17 02:16:25.034+00', '2026-03-17 02:16:25.034+00', NULL) ON CONFLICT (id) DO NOTHING;
INSERT INTO doctors ("id", "name", "specialty", "phone", "email", "address", "notes", "created_at", "updated_at", "license") VALUES (14, 'JUAN QUINTANILLA VERA', '', '', '', '', '', '2026-03-17 02:16:25.236+00', '2026-03-17 02:16:25.236+00', NULL) ON CONFLICT (id) DO NOTHING;
INSERT INTO doctors ("id", "name", "specialty", "phone", "email", "address", "notes", "created_at", "updated_at", "license") VALUES (15, 'MANUEL GONZALEZ GONZALEZ', '', '', '', '', '', '2026-03-17 02:16:25.5+00', '2026-03-17 02:16:25.5+00', NULL) ON CONFLICT (id) DO NOTHING;
INSERT INTO doctors ("id", "name", "specialty", "phone", "email", "address", "notes", "created_at", "updated_at", "license") VALUES (17, 'ERNESTO HERNANDEZ LEAL', '', '', '', '', '', '2026-03-17 02:16:27.469+00', '2026-03-17 02:16:27.469+00', NULL) ON CONFLICT (id) DO NOTHING;
INSERT INTO doctors ("id", "name", "specialty", "phone", "email", "address", "notes", "created_at", "updated_at", "license") VALUES (18, 'ANGEL ALBERTO LAREDO RIOS', '', '', '', '', '', '2026-03-17 02:16:29.657+00', '2026-03-17 02:16:29.657+00', NULL) ON CONFLICT (id) DO NOTHING;
INSERT INTO doctors ("id", "name", "specialty", "phone", "email", "address", "notes", "created_at", "updated_at", "license") VALUES (19, 'GUSTAVO ADOLFO CALAFELL SALGADO', '', '', '', '', '', '2026-03-17 02:16:33.25+00', '2026-03-17 02:16:33.25+00', NULL) ON CONFLICT (id) DO NOTHING;
INSERT INTO doctors ("id", "name", "specialty", "phone", "email", "address", "notes", "created_at", "updated_at", "license") VALUES (20, 'JESUS ARTURO CABALLERO CAMPILLO', '', '', '', '', '', '2026-03-17 02:16:33.671+00', '2026-03-17 02:16:33.671+00', NULL) ON CONFLICT (id) DO NOTHING;
INSERT INTO doctors ("id", "name", "specialty", "phone", "email", "address", "notes", "created_at", "updated_at", "license") VALUES (22, 'MONICA MARTINEZ MARIN', '', '', '', '', '', '2026-03-17 02:16:34.799+00', '2026-03-17 02:16:34.799+00', NULL) ON CONFLICT (id) DO NOTHING;
INSERT INTO doctors ("id", "name", "specialty", "phone", "email", "address", "notes", "created_at", "updated_at", "license") VALUES (24, 'FRANCISCO SANCHEZ SANCHEZ', '', '', '', '', '', '2026-03-17 02:16:36.063+00', '2026-03-17 02:16:36.063+00', NULL) ON CONFLICT (id) DO NOTHING;
INSERT INTO doctors ("id", "name", "specialty", "phone", "email", "address", "notes", "created_at", "updated_at", "license") VALUES (25, 'J ALFREDO GONZALEZ GONZALEZ', '', '', '', '', '', '2026-03-17 02:16:36.449+00', '2026-03-17 02:16:36.449+00', NULL) ON CONFLICT (id) DO NOTHING;
INSERT INTO doctors ("id", "name", "specialty", "phone", "email", "address", "notes", "created_at", "updated_at", "license") VALUES (26, 'JORGE DELGADO GARCIA', '', '', '', '', '', '2026-03-17 02:16:38.453+00', '2026-03-17 02:16:38.453+00', NULL) ON CONFLICT (id) DO NOTHING;
INSERT INTO doctors ("id", "name", "specialty", "phone", "email", "address", "notes", "created_at", "updated_at", "license") VALUES (27, 'ADOLFO REYES FUEN', '', '', '', '', '', '2026-03-17 02:16:38.86+00', '2026-03-17 02:16:38.86+00', NULL) ON CONFLICT (id) DO NOTHING;
INSERT INTO doctors ("id", "name", "specialty", "phone", "email", "address", "notes", "created_at", "updated_at", "license") VALUES (28, 'JOSE LORENZO VILLALOBOS GUTIERREZ', '', '', '', '', '', '2026-03-17 02:16:39.228+00', '2026-03-17 02:16:39.228+00', NULL) ON CONFLICT (id) DO NOTHING;
INSERT INTO doctors ("id", "name", "specialty", "phone", "email", "address", "notes", "created_at", "updated_at", "license") VALUES (29, 'MARIO ALBERTO ARANDA LOPEZ', '', '', '', '', '', '2026-03-17 02:16:39.652+00', '2026-03-17 02:16:39.652+00', NULL) ON CONFLICT (id) DO NOTHING;
INSERT INTO doctors ("id", "name", "specialty", "phone", "email", "address", "notes", "created_at", "updated_at", "license") VALUES (30, 'JUAN ENRIQUE CRUZ ORTIZ', '', '', '', '', '', '2026-03-17 02:16:40.381+00', '2026-03-17 02:16:40.381+00', NULL) ON CONFLICT (id) DO NOTHING;
INSERT INTO doctors ("id", "name", "specialty", "phone", "email", "address", "notes", "created_at", "updated_at", "license") VALUES (31, 'CARLOS ENRIQUE ESPINOZA PEREZ', '', '', '', '', '', '2026-03-17 02:16:41.648+00', '2026-03-17 02:16:41.648+00', NULL) ON CONFLICT (id) DO NOTHING;
INSERT INTO doctors ("id", "name", "specialty", "phone", "email", "address", "notes", "created_at", "updated_at", "license") VALUES (32, 'DOCTOR GENERAL', '', '', '', '', '', '2026-03-17 02:16:43.726+00', '2026-03-17 02:16:43.726+00', NULL) ON CONFLICT (id) DO NOTHING;
INSERT INTO doctors ("id", "name", "specialty", "phone", "email", "address", "notes", "created_at", "updated_at", "license") VALUES (33, 'LUIS GABRIEL SANCHEZ SALINAS', '', '', '', '', '', '2026-03-17 02:16:46.214+00', '2026-03-17 02:16:46.214+00', NULL) ON CONFLICT (id) DO NOTHING;
INSERT INTO doctors ("id", "name", "specialty", "phone", "email", "address", "notes", "created_at", "updated_at", "license") VALUES (34, 'HECTOR G. ESPINOZA MARTINEZ', '', '', '', '', '', '2026-03-17 02:16:49.324+00', '2026-03-17 02:16:49.324+00', NULL) ON CONFLICT (id) DO NOTHING;
INSERT INTO doctors ("id", "name", "specialty", "phone", "email", "address", "notes", "created_at", "updated_at", "license") VALUES (35, 'BERTHA ALICIA SANCHEZ TOVAR', '', '', '', '', '', '2026-03-17 02:16:49.512+00', '2026-03-17 02:16:49.512+00', NULL) ON CONFLICT (id) DO NOTHING;
INSERT INTO doctors ("id", "name", "specialty", "phone", "email", "address", "notes", "created_at", "updated_at", "license") VALUES (36, 'BERTHA LAURA SALINAS RUIZ', '', '', '', '', '', '2026-03-17 02:16:50.905+00', '2026-03-17 02:16:50.905+00', NULL) ON CONFLICT (id) DO NOTHING;
INSERT INTO doctors ("id", "name", "specialty", "phone", "email", "address", "notes", "created_at", "updated_at", "license") VALUES (37, 'JOSE MANUEL BATANCOURT BETANCOURT', '', '', '', '', '', '2026-03-18 01:51:35.584+00', '2026-03-18 01:51:35.584+00', NULL) ON CONFLICT (id) DO NOTHING;
INSERT INTO doctors ("id", "name", "specialty", "phone", "email", "address", "notes", "created_at", "updated_at", "license") VALUES (38, 'NABILA ALEXANDRA ORDO??EZ SALAS', '', '', '', '', '', '2026-03-18 01:51:35.984+00', '2026-03-18 01:51:35.984+00', NULL) ON CONFLICT (id) DO NOTHING;
INSERT INTO doctors ("id", "name", "specialty", "phone", "email", "address", "notes", "created_at", "updated_at", "license") VALUES (1, 'NABILA ALEXANDRA ORDO├æEZ SALAS', '', '', '', '', '', '2026-03-18 17:13:57.333319+00', '2026-03-18 17:13:57.333319+00', NULL) ON CONFLICT (id) DO NOTHING;
INSERT INTO doctors ("id", "name", "specialty", "phone", "email", "address", "notes", "created_at", "updated_at", "license") VALUES (39, 'ISABEL MARTINEZ UGALDE', '', '', '', '', '', '2026-03-19 23:40:17.084451+00', '2026-03-19 23:40:17.084451+00', NULL) ON CONFLICT (id) DO NOTHING;
INSERT INTO doctors ("id", "name", "specialty", "phone", "email", "address", "notes", "created_at", "updated_at", "license") VALUES (40, 'JOSE MANUEL SALDA├æA LEMUS', '', '', '', '', '', '2026-03-19 23:40:17.134286+00', '2026-03-19 23:40:17.134286+00', NULL) ON CONFLICT (id) DO NOTHING;
INSERT INTO doctors ("id", "name", "specialty", "phone", "email", "address", "notes", "created_at", "updated_at", "license") VALUES (41, 'ROMAN LOPEZ ALEJANDRE', '', '', '', '', '', '2026-03-19 23:40:18.876922+00', '2026-03-19 23:40:18.876922+00', NULL) ON CONFLICT (id) DO NOTHING;
INSERT INTO doctors ("id", "name", "specialty", "phone", "email", "address", "notes", "created_at", "updated_at", "license") VALUES (42, 'CARLOS JESUS SANCHEZ MONTALVO', '', '', '', '', '', '2026-03-20 22:47:42.663477+00', '2026-03-20 22:47:42.663477+00', NULL) ON CONFLICT (id) DO NOTHING;
INSERT INTO doctors ("id", "name", "specialty", "phone", "email", "address", "notes", "created_at", "updated_at", "license") VALUES (43, 'DENISSE BAEZ LOPEZ', '', '', '', '', '', '2026-03-20 22:47:45.01052+00', '2026-03-20 22:47:45.01052+00', NULL) ON CONFLICT (id) DO NOTHING;
INSERT INTO doctors ("id", "name", "specialty", "phone", "email", "address", "notes", "created_at", "updated_at", "license") VALUES (44, 'JOSE RAMON BARRIOS TOVAR', '', '', '', '', '', '2026-03-20 22:47:45.126111+00', '2026-03-20 22:47:45.126111+00', NULL) ON CONFLICT (id) DO NOTHING;
INSERT INTO doctors ("id", "name", "specialty", "phone", "email", "address", "notes", "created_at", "updated_at", "license") VALUES (45, 'FRANCISCO JAVIER CARDIN SALAZAR', '', '', '', '', '', '2026-03-20 22:47:45.369842+00', '2026-03-20 22:47:45.369842+00', NULL) ON CONFLICT (id) DO NOTHING;
INSERT INTO doctors ("id", "name", "specialty", "phone", "email", "address", "notes", "created_at", "updated_at", "license") VALUES (46, 'JUANA ELISFER HERBERT SANTIAGO', '', '', '', '', '', '2026-03-20 22:47:45.394181+00', '2026-03-20 22:47:45.394181+00', NULL) ON CONFLICT (id) DO NOTHING;
INSERT INTO doctors ("id", "name", "specialty", "phone", "email", "address", "notes", "created_at", "updated_at", "license") VALUES (47, 'JAIME ALVAREZ VERA', '', '', '', '', '', '2026-03-20 22:47:45.418201+00', '2026-03-20 22:47:45.418201+00', NULL) ON CONFLICT (id) DO NOTHING;
INSERT INTO doctors ("id", "name", "specialty", "phone", "email", "address", "notes", "created_at", "updated_at", "license") VALUES (48, 'ALFONSO LEON CLEMENTE', '', '', '', '', '', '2026-03-20 22:47:45.500893+00', '2026-03-20 22:47:45.500893+00', NULL) ON CONFLICT (id) DO NOTHING;
INSERT INTO doctors ("id", "name", "specialty", "phone", "email", "address", "notes", "created_at", "updated_at", "license") VALUES (49, 'ALFREDO CISNEROS SERNA', '', '', '', '', '', '2026-03-20 23:02:02.105532+00', '2026-03-20 23:02:02.105532+00', 1142511) ON CONFLICT (id) DO NOTHING;
INSERT INTO doctors ("id", "name", "specialty", "phone", "email", "address", "notes", "created_at", "updated_at", "license") VALUES (50, 'JORGE HUMBERTO DELGADO GARCIA', '', '', '', '', '', '2026-03-20 23:02:02.110675+00', '2026-03-20 23:02:02.110675+00', 1185068) ON CONFLICT (id) DO NOTHING;
INSERT INTO doctors ("id", "name", "specialty", "phone", "email", "address", "notes", "created_at", "updated_at", "license") VALUES (23, 'HECTOR MALDONADO VIGIL', '', '', '', '', '', '2026-03-17 02:16:35.247+00', '2026-03-20 23:02:02.116064+00', 1318632) ON CONFLICT (id) DO NOTHING;
INSERT INTO doctors ("id", "name", "specialty", "phone", "email", "address", "notes", "created_at", "updated_at", "license") VALUES (51, 'JUANA CRUZ ALVAREZ', '', '', '', '', '', '2026-03-20 23:02:02.130065+00', '2026-03-20 23:02:02.130065+00', 1713237) ON CONFLICT (id) DO NOTHING;
INSERT INTO doctors ("id", "name", "specialty", "phone", "email", "address", "notes", "created_at", "updated_at", "license") VALUES (52, 'ADOLFO FERNANDO GONZALEZ GUZMAN', '', '', '', '', '', '2026-03-20 23:02:02.134628+00', '2026-03-20 23:02:02.134628+00', 182311) ON CONFLICT (id) DO NOTHING;
INSERT INTO doctors ("id", "name", "specialty", "phone", "email", "address", "notes", "created_at", "updated_at", "license") VALUES (53, 'HUGO ROLANDO RENTERIA OROZCO', '', '', '', '', '', '2026-03-20 23:02:02.146192+00', '2026-03-20 23:02:02.146192+00', 1990637) ON CONFLICT (id) DO NOTHING;
INSERT INTO doctors ("id", "name", "specialty", "phone", "email", "address", "notes", "created_at", "updated_at", "license") VALUES (54, 'MARTIN ARGUELLES RAMIREZ', '', '', '', '', '', '2026-03-20 23:02:02.149655+00', '2026-03-20 23:02:02.149655+00', 2337484) ON CONFLICT (id) DO NOTHING;
INSERT INTO doctors ("id", "name", "specialty", "phone", "email", "address", "notes", "created_at", "updated_at", "license") VALUES (55, 'MARIA DEL PILA VEGA', '', '', '', '', '', '2026-03-20 23:02:02.152431+00', '2026-03-20 23:02:02.152431+00', 2549341) ON CONFLICT (id) DO NOTHING;
INSERT INTO doctors ("id", "name", "specialty", "phone", "email", "address", "notes", "created_at", "updated_at", "license") VALUES (56, 'CARMEN CELIA SOSA DEL ANGEL', '', '', '', '', '', '2026-03-20 23:02:02.15513+00', '2026-03-20 23:02:02.15513+00', 2663430) ON CONFLICT (id) DO NOTHING;
INSERT INTO doctors ("id", "name", "specialty", "phone", "email", "address", "notes", "created_at", "updated_at", "license") VALUES (57, 'HUMBERTO GERARDO MEZA MORENO OSANTE', '', '', '', '', '', '2026-03-20 23:02:02.158563+00', '2026-03-20 23:02:02.158563+00', 2828274) ON CONFLICT (id) DO NOTHING;
INSERT INTO doctors ("id", "name", "specialty", "phone", "email", "address", "notes", "created_at", "updated_at", "license") VALUES (58, 'LUIS VELAZQUEZ VILLASE├æOR', '', '', '', '', '', '2026-03-20 23:02:02.164118+00', '2026-03-20 23:02:02.164118+00', 3020554) ON CONFLICT (id) DO NOTHING;
INSERT INTO doctors ("id", "name", "specialty", "phone", "email", "address", "notes", "created_at", "updated_at", "license") VALUES (59, 'MARISSA MURILLO ESCALANTE', '', '', '', '', '', '2026-03-20 23:02:02.168019+00', '2026-03-20 23:02:02.168019+00', 3189229) ON CONFLICT (id) DO NOTHING;
INSERT INTO doctors ("id", "name", "specialty", "phone", "email", "address", "notes", "created_at", "updated_at", "license") VALUES (60, 'JUAN HERNANDEZ HERBERTH', '', '', '', '', '', '2026-03-20 23:02:02.171638+00', '2026-03-20 23:02:02.171638+00', 358169) ON CONFLICT (id) DO NOTHING;
INSERT INTO doctors ("id", "name", "specialty", "phone", "email", "address", "notes", "created_at", "updated_at", "license") VALUES (61, 'SALOMON GARCIA ACOSTA', '', '', '', '', '', '2026-03-20 23:02:02.176508+00', '2026-03-20 23:02:02.176508+00', 610719) ON CONFLICT (id) DO NOTHING;
INSERT INTO doctors ("id", "name", "specialty", "phone", "email", "address", "notes", "created_at", "updated_at", "license") VALUES (62, 'NINETH MARICELA MORENO CALDERON', '', '', '', '', '', '2026-03-20 23:02:02.179777+00', '2026-03-20 23:02:02.179777+00', 6369675) ON CONFLICT (id) DO NOTHING;
INSERT INTO doctors ("id", "name", "specialty", "phone", "email", "address", "notes", "created_at", "updated_at", "license") VALUES (63, 'ADOLFO MARTINEZ TAPIA', '', '', '', '', '', '2026-03-20 23:02:02.182432+00', '2026-03-20 23:02:02.182432+00', 641259) ON CONFLICT (id) DO NOTHING;
INSERT INTO doctors ("id", "name", "specialty", "phone", "email", "address", "notes", "created_at", "updated_at", "license") VALUES (64, 'GALO REYNA ALANIS', '', '', '', '', '', '2026-03-20 23:02:02.185101+00', '2026-03-20 23:02:02.185101+00', 662860) ON CONFLICT (id) DO NOTHING;
INSERT INTO doctors ("id", "name", "specialty", "phone", "email", "address", "notes", "created_at", "updated_at", "license") VALUES (16, 'JESUS ROBERTO PERALES RAMIREZ', '', '', '', '', '', '2026-03-17 02:16:26.019+00', '2026-03-20 23:02:02.187831+00', 728086) ON CONFLICT (id) DO NOTHING;
INSERT INTO doctors ("id", "name", "specialty", "phone", "email", "address", "notes", "created_at", "updated_at", "license") VALUES (65, 'JUAN RAMON REYES FERNANDEZ', '', '', '', '', '', '2026-03-20 23:02:02.1903+00', '2026-03-20 23:02:02.1903+00', 757824) ON CONFLICT (id) DO NOTHING;
INSERT INTO doctors ("id", "name", "specialty", "phone", "email", "address", "notes", "created_at", "updated_at", "license") VALUES (66, 'JUAN RADE PE├æA', '', '', '', '', '', '2026-03-20 23:02:02.194562+00', '2026-03-20 23:02:02.194562+00', 780775) ON CONFLICT (id) DO NOTHING;
INSERT INTO doctors ("id", "name", "specialty", "phone", "email", "address", "notes", "created_at", "updated_at", "license") VALUES (67, 'ROSA SILVIA TORRES MARTINEZ', '', '', '', '', '', '2026-03-20 23:02:02.198201+00', '2026-03-20 23:02:02.198201+00', 790018) ON CONFLICT (id) DO NOTHING;
INSERT INTO doctors ("id", "name", "specialty", "phone", "email", "address", "notes", "created_at", "updated_at", "license") VALUES (21, 'ARMANDO TORRES NAVA', '', '', '', '', '', '2026-03-17 02:16:33.878+00', '2026-03-20 23:02:02.200657+00', 796271) ON CONFLICT (id) DO NOTHING;
INSERT INTO doctors ("id", "name", "specialty", "phone", "email", "address", "notes", "created_at", "updated_at", "license") VALUES (68, 'FRANCISCO JAVIER LUNA GOMEZ', '', '', '', '', '', '2026-03-20 23:02:02.202942+00', '2026-03-20 23:02:02.202942+00', 8518996) ON CONFLICT (id) DO NOTHING;
INSERT INTO doctors ("id", "name", "specialty", "phone", "email", "address", "notes", "created_at", "updated_at", "license") VALUES (69, 'JUANA TERESA ALVAREZ RAMIREZ', '', '', '', '', '', '2026-03-20 23:02:02.205603+00', '2026-03-20 23:02:02.205603+00', 882837) ON CONFLICT (id) DO NOTHING;
INSERT INTO doctors ("id", "name", "specialty", "phone", "email", "address", "notes", "created_at", "updated_at", "license") VALUES (70, 'HECTOR CARRIZALES CHAVIRA', '', '', '', '', '', '2026-03-20 23:02:02.210934+00', '2026-03-20 23:02:02.210934+00', 966439) ON CONFLICT (id) DO NOTHING;

-- Table: inventory_stocks

-- Table: products
INSERT INTO products ("id", "name", "created_at", "updated_at", "barcode", "ranking", "price") VALUES (119, 'VIRAZIDE 400 MG CAPS C/18', '2026-03-20 23:33:13.292198+00', '2026-03-20 23:33:13.292198+00', NULL, NULL, 0.00) ON CONFLICT (id) DO NOTHING;
INSERT INTO products ("id", "name", "created_at", "updated_at", "barcode", "ranking", "price") VALUES (1, 'SERETIDE EVOCD 25/125MCG 120 DOS', '2026-03-20 23:29:34.99594+00', '2026-03-20 23:29:34.99594+00', 3393370037385, 'Z', 959.00) ON CONFLICT (id) DO NOTHING;
INSERT INTO products ("id", "name", "created_at", "updated_at", "barcode", "ranking", "price") VALUES (2, 'SERETIDE EVOCD 25/250MC 120 DOS', '2026-03-20 23:29:35.022794+00', '2026-03-20 23:29:35.022794+00', 3393370037408, 'C', 829.00) ON CONFLICT (id) DO NOTHING;
INSERT INTO products ("id", "name", "created_at", "updated_at", "barcode", "ranking", "price") VALUES (3, 'SERETIDE EVOHALER 25/50MCG C/120 DOS', '2026-03-20 23:29:35.024995+00', '2026-03-20 23:29:35.024995+00', 3393370037415, 'Z', 0.00) ON CONFLICT (id) DO NOTHING;
INSERT INTO products ("id", "name", "created_at", "updated_at", "barcode", "ranking", "price") VALUES (4, 'ENTEROGERMINA 2 BILLONES C/10 AMPOLLETAS', '2026-03-20 23:29:35.028264+00', '2026-03-20 23:29:35.028264+00', 3664798074680, 'C', 200.00) ON CONFLICT (id) DO NOTHING;
INSERT INTO products ("id", "name", "created_at", "updated_at", "barcode", "ranking", "price") VALUES (5, 'PILEFHID CON 10 TABLETAS', '2026-03-20 23:29:35.030694+00', '2026-03-20 23:29:35.030694+00', 51161606, 'Z', 0.00) ON CONFLICT (id) DO NOTHING;
INSERT INTO products ("id", "name", "created_at", "updated_at", "barcode", "ranking", "price") VALUES (6, 'NASOGEL NEIL MED SPRAY 30ML', '2026-03-20 23:29:35.035376+00', '2026-03-20 23:29:35.035376+00', 705928045309, 'Z', 0.00) ON CONFLICT (id) DO NOTHING;
INSERT INTO products ("id", "name", "created_at", "updated_at", "barcode", "ranking", "price") VALUES (7, 'BIOGAIA PROTECTIS GOTAS 10 ML SUP ALIM', '2026-03-20 23:29:35.037281+00', '2026-03-20 23:29:35.037281+00', 7350012553401, 'E', 517.24) ON CONFLICT (id) DO NOTHING;
INSERT INTO products ("id", "name", "created_at", "updated_at", "barcode", "ranking", "price") VALUES (8, 'KLARICID PED 250MG SUSP 60ML', '2026-03-20 23:29:35.038937+00', '2026-03-20 23:29:35.038937+00', 7501033921674, 'B', 490.00) ON CONFLICT (id) DO NOTHING;
INSERT INTO products ("id", "name", "created_at", "updated_at", "barcode", "ranking", "price") VALUES (9, 'JARDIANZ 25MG 30 TABS', '2026-03-20 23:29:35.040787+00', '2026-03-20 23:29:35.040787+00', 7501034605115, 'A', 1290.00) ON CONFLICT (id) DO NOTHING;
INSERT INTO products ("id", "name", "created_at", "updated_at", "barcode", "ranking", "price") VALUES (10, 'COMBIVENT C/10 AMP P/NEB 2.5 ML', '2026-03-20 23:29:35.043815+00', '2026-03-20 23:29:35.043815+00', 7501037910063, 'A', 629.00) ON CONFLICT (id) DO NOTHING;
INSERT INTO products ("id", "name", "created_at", "updated_at", "barcode", "ranking", "price") VALUES (11, 'RAPIVIR 10 TABS 500MG', '2026-03-20 23:29:35.046751+00', '2026-03-20 23:29:35.046751+00', 7501043100564, 'Z', 0.00) ON CONFLICT (id) DO NOTHING;
INSERT INTO products ("id", "name", "created_at", "updated_at", "barcode", "ranking", "price") VALUES (12, 'CELESTAMINE NS ┬áC/20 TABS', '2026-03-20 23:29:35.049767+00', '2026-03-20 23:29:35.049767+00', 7501050600026, 'B', 460.00) ON CONFLICT (id) DO NOTHING;
INSERT INTO products ("id", "name", "created_at", "updated_at", "barcode", "ranking", "price") VALUES (13, 'CELESTAMINE NS 5/0.25MG C/10 TABS', '2026-03-20 23:29:35.051656+00', '2026-03-20 23:29:35.051656+00', 7501050610018, 'A', 259.00) ON CONFLICT (id) DO NOTHING;
INSERT INTO products ("id", "name", "created_at", "updated_at", "barcode", "ranking", "price") VALUES (14, 'CELESTAMINE NS SOL 60ML PED', '2026-03-20 23:29:35.053337+00', '2026-03-20 23:29:35.053337+00', 7501050699990, 'C', 300.00) ON CONFLICT (id) DO NOTHING;
INSERT INTO products ("id", "name", "created_at", "updated_at", "barcode", "ranking", "price") VALUES (15, 'DAFLON C/20 TAB', '2026-03-20 23:29:35.054912+00', '2026-03-20 23:29:35.054912+00', 7501070615277, 'A', 495.00) ON CONFLICT (id) DO NOTHING;
INSERT INTO products ("id", "name", "created_at", "updated_at", "barcode", "ranking", "price") VALUES (16, 'ZOTANIXIN 500 MG TAB 6', '2026-03-20 23:29:35.056736+00', '2026-03-20 23:29:35.056736+00', 7501070636395, 'C', 199.00) ON CONFLICT (id) DO NOTHING;
INSERT INTO products ("id", "name", "created_at", "updated_at", "barcode", "ranking", "price") VALUES (17, 'OMURO 40 MG TAB 15', '2026-03-20 23:29:35.059123+00', '2026-03-20 23:29:35.059123+00', 7501070636517, 'C', 0.00) ON CONFLICT (id) DO NOTHING;
INSERT INTO products ("id", "name", "created_at", "updated_at", "barcode", "ranking", "price") VALUES (18, 'OMURO 40 MG TAB 30', '2026-03-20 23:29:35.061707+00', '2026-03-20 23:29:35.061707+00', 7501070636531, 'A', 890.00) ON CONFLICT (id) DO NOTHING;
INSERT INTO products ("id", "name", "created_at", "updated_at", "barcode", "ranking", "price") VALUES (19, 'ILOSONE 250 MG LIQ 120ML', '2026-03-20 23:29:35.066224+00', '2026-03-20 23:29:35.066224+00', 7501082203202, 'E', 590.00) ON CONFLICT (id) DO NOTHING;
INSERT INTO products ("id", "name", "created_at", "updated_at", "barcode", "ranking", "price") VALUES (20, 'PROTEFLOR BB12 GTS 8 ML', '2026-03-20 23:29:35.068192+00', '2026-03-20 23:29:35.068192+00', 7501086301492, 'Z', 426.72) ON CONFLICT (id) DO NOTHING;
INSERT INTO products ("id", "name", "created_at", "updated_at", "barcode", "ranking", "price") VALUES (21, 'PILEFHID CON 10 ┬áTABLETAS', '2026-03-20 23:29:35.069771+00', '2026-03-20 23:29:35.069771+00', 7501088503757, 'Z', 180.00) ON CONFLICT (id) DO NOTHING;
INSERT INTO products ("id", "name", "created_at", "updated_at", "barcode", "ranking", "price") VALUES (22, 'METEOSPASMYL C/20 CAPS', '2026-03-20 23:29:35.071354+00', '2026-03-20 23:29:35.071354+00', 7501088504501, 'C', 690.00) ON CONFLICT (id) DO NOTHING;
INSERT INTO products ("id", "name", "created_at", "updated_at", "barcode", "ranking", "price") VALUES (23, 'TROFERIT FLOW JBE 120 ML', '2026-03-20 23:29:35.075746+00', '2026-03-20 23:29:35.075746+00', 7501088505829, 'A', 0.00) ON CONFLICT (id) DO NOTHING;
INSERT INTO products ("id", "name", "created_at", "updated_at", "barcode", "ranking", "price") VALUES (24, 'TROFERIT FLOW 30/30MG TAB C/15', '2026-03-20 23:29:35.078821+00', '2026-03-20 23:29:35.078821+00', 7501088505836, 'A', 210.00) ON CONFLICT (id) DO NOTHING;
INSERT INTO products ("id", "name", "created_at", "updated_at", "barcode", "ranking", "price") VALUES (25, 'ZYMIR-AB 75MG 10 CAPS', '2026-03-20 23:29:35.082854+00', '2026-03-20 23:29:35.082854+00', 7501088505966, 'B', 359.00) ON CONFLICT (id) DO NOTHING;
INSERT INTO products ("id", "name", "created_at", "updated_at", "barcode", "ranking", "price") VALUES (26, 'ZYMIR AB SUSPENSION 60 ML', '2026-03-20 23:29:35.085551+00', '2026-03-20 23:29:35.085551+00', 7501088506062, 'E', 345.00) ON CONFLICT (id) DO NOTHING;
INSERT INTO products ("id", "name", "created_at", "updated_at", "barcode", "ranking", "price") VALUES (27, 'ZYRTEC 10 MG C/20 TABS', '2026-03-20 23:29:35.087637+00', '2026-03-20 23:29:35.087637+00', 7501088507175, 'E', 0.00) ON CONFLICT (id) DO NOTHING;
INSERT INTO products ("id", "name", "created_at", "updated_at", "barcode", "ranking", "price") VALUES (28, 'GABIROL 100 MG C/14 CAPS', '2026-03-20 23:29:35.091271+00', '2026-03-20 23:29:35.091271+00', 7501088507854, 'B', 300.00) ON CONFLICT (id) DO NOTHING;
INSERT INTO products ("id", "name", "created_at", "updated_at", "barcode", "ranking", "price") VALUES (29, 'GABIROL 1G SOL 120ML', '2026-03-20 23:29:35.095109+00', '2026-03-20 23:29:35.095109+00', 7501088507878, 'E', 339.00) ON CONFLICT (id) DO NOTHING;
INSERT INTO products ("id", "name", "created_at", "updated_at", "barcode", "ranking", "price") VALUES (30, 'KOPTIN 200MG SUSP 22.5ML', '2026-03-20 23:29:35.10059+00', '2026-03-20 23:29:35.10059+00', 7501088507915, 'E', 299.00) ON CONFLICT (id) DO NOTHING;
INSERT INTO products ("id", "name", "created_at", "updated_at", "barcode", "ranking", "price") VALUES (31, 'KOPTIN 500 MG C/3 TAB', '2026-03-20 23:29:35.108795+00', '2026-03-20 23:29:35.108795+00', 7501088507922, 'C', 400.00) ON CONFLICT (id) DO NOTHING;
INSERT INTO products ("id", "name", "created_at", "updated_at", "barcode", "ranking", "price") VALUES (32, 'ZYXEM FRASCO 200ML', '2026-03-20 23:29:35.111476+00', '2026-03-20 23:29:35.111476+00', 7501088509049, 'B', 320.00) ON CONFLICT (id) DO NOTHING;
INSERT INTO products ("id", "name", "created_at", "updated_at", "barcode", "ranking", "price") VALUES (33, 'ZYXEM GOTAS 20ML', '2026-03-20 23:29:35.11761+00', '2026-03-20 23:29:35.11761+00', 7501088509056, 'B', 260.00) ON CONFLICT (id) DO NOTHING;
INSERT INTO products ("id", "name", "created_at", "updated_at", "barcode", "ranking", "price") VALUES (34, 'XUZAL SOL 200ML', '2026-03-20 23:29:35.11937+00', '2026-03-20 23:29:35.11937+00', 7501088509117, 'Z', 0.00) ON CONFLICT (id) DO NOTHING;
INSERT INTO products ("id", "name", "created_at", "updated_at", "barcode", "ranking", "price") VALUES (35, 'XUZAL GOTAS 20ML', '2026-03-20 23:29:35.121697+00', '2026-03-20 23:29:35.121697+00', 7501088509124, 'Z', 298.00) ON CONFLICT (id) DO NOTHING;
INSERT INTO products ("id", "name", "created_at", "updated_at", "barcode", "ranking", "price") VALUES (36, 'TROFERIT 300 MG JBE 120 ML', '2026-03-20 23:29:35.124235+00', '2026-03-20 23:29:35.124235+00', 7501088575396, 'C', 170.00) ON CONFLICT (id) DO NOTHING;
INSERT INTO products ("id", "name", "created_at", "updated_at", "barcode", "ranking", "price") VALUES (37, 'TROFERIT 30 MG C/15 TAB', '2026-03-20 23:29:35.126527+00', '2026-03-20 23:29:35.126527+00', 7501088575495, 'A', 0.00) ON CONFLICT (id) DO NOTHING;
INSERT INTO products ("id", "name", "created_at", "updated_at", "barcode", "ranking", "price") VALUES (38, 'TOPRON SUSP 120 ML', '2026-03-20 23:29:35.128567+00', '2026-03-20 23:29:35.128567+00', 7501088575600, 'E', 195.00) ON CONFLICT (id) DO NOTHING;
INSERT INTO products ("id", "name", "created_at", "updated_at", "barcode", "ranking", "price") VALUES (39, 'RECOVERON-C 5G CRA 40 G', '2026-03-20 23:29:35.130719+00', '2026-03-20 23:29:35.130719+00', 7501089804136, 'E', 0.00) ON CONFLICT (id) DO NOTHING;
INSERT INTO products ("id", "name", "created_at", "updated_at", "barcode", "ranking", "price") VALUES (40, 'ADIMOD 800 MG SOL 7 MLX10', '2026-03-20 23:29:35.133339+00', '2026-03-20 23:29:35.133339+00', 7501089808943, 'Z', 0.00) ON CONFLICT (id) DO NOTHING;
INSERT INTO products ("id", "name", "created_at", "updated_at", "barcode", "ranking", "price") VALUES (41, 'ESKAPAR COMP SUSP 120ML', '2026-03-20 23:29:35.135093+00', '2026-03-20 23:29:35.135093+00', 7501089809315, 'Z', 0.00) ON CONFLICT (id) DO NOTHING;
INSERT INTO products ("id", "name", "created_at", "updated_at", "barcode", "ranking", "price") VALUES (42, 'ESKAPAR SUSP PED 90 ML', '2026-03-20 23:29:35.137192+00', '2026-03-20 23:29:35.137192+00', 7501089809513, 'E', 185.00) ON CONFLICT (id) DO NOTHING;
INSERT INTO products ("id", "name", "created_at", "updated_at", "barcode", "ranking", "price") VALUES (43, 'NEXIUM 10MG GRANULADO C/28', '2026-03-20 23:29:35.139635+00', '2026-03-20 23:29:35.139635+00', 7501098605755, 'B', 0.00) ON CONFLICT (id) DO NOTHING;
INSERT INTO products ("id", "name", "created_at", "updated_at", "barcode", "ranking", "price") VALUES (44, 'VANNAIR 80 MCG AEROSOL C/120 DOS', '2026-03-20 23:29:35.142072+00', '2026-03-20 23:29:35.142072+00', 7501098606103, 'B', 0.00) ON CONFLICT (id) DO NOTHING;
INSERT INTO products ("id", "name", "created_at", "updated_at", "barcode", "ranking", "price") VALUES (45, 'PULMICORT INF 125/250MG P/NEB C/5 AMP', '2026-03-20 23:29:35.144076+00', '2026-03-20 23:29:35.144076+00', 7501098621175, 'Z', 395.00) ON CONFLICT (id) DO NOTHING;
INSERT INTO products ("id", "name", "created_at", "updated_at", "barcode", "ranking", "price") VALUES (46, 'ACCIOGEN 100/125MG SUSP 120 ML', '2026-03-20 23:29:35.145944+00', '2026-03-20 23:29:35.145944+00', 7501101600524, 'Z', 0.00) ON CONFLICT (id) DO NOTHING;
INSERT INTO products ("id", "name", "created_at", "updated_at", "barcode", "ranking", "price") VALUES (47, 'KASMAL SOL 120 ML', '2026-03-20 23:29:35.14802+00', '2026-03-20 23:29:35.14802+00', 7501101611001, 'E', 450.00) ON CONFLICT (id) DO NOTHING;
INSERT INTO products ("id", "name", "created_at", "updated_at", "barcode", "ranking", "price") VALUES (48, 'TIAMIDEXAL F A 3X3 ML S JGA', '2026-03-20 23:29:35.152588+00', '2026-03-20 23:29:35.152588+00', 7501101620027, 'E', 590.00) ON CONFLICT (id) DO NOTHING;
INSERT INTO products ("id", "name", "created_at", "updated_at", "barcode", "ranking", "price") VALUES (49, 'TIAMINAL B12 50,000U C/5 AMP Y JER', '2026-03-20 23:29:35.155485+00', '2026-03-20 23:29:35.155485+00', 7501101623769, 'A', 479.00) ON CONFLICT (id) DO NOTHING;
INSERT INTO products ("id", "name", "created_at", "updated_at", "barcode", "ranking", "price") VALUES (50, 'TIAMINAL B12 AP CAPS C/30', '2026-03-20 23:29:35.158066+00', '2026-03-20 23:29:35.158066+00', 7501101627224, 'B', 395.00) ON CONFLICT (id) DO NOTHING;
INSERT INTO products ("id", "name", "created_at", "updated_at", "barcode", "ranking", "price") VALUES (51, 'MOTRIN SUSP INF 120 ML', '2026-03-20 23:29:35.160413+00', '2026-03-20 23:29:35.160413+00', 7501109902866, 'A', 230.00) ON CONFLICT (id) DO NOTHING;
INSERT INTO products ("id", "name", "created_at", "updated_at", "barcode", "ranking", "price") VALUES (52, 'ESPAVEN ENZIM GRAG 50', '2026-03-20 23:29:35.162243+00', '2026-03-20 23:29:35.162243+00', 7501122963028, 'B', 270.00) ON CONFLICT (id) DO NOTHING;
INSERT INTO products ("id", "name", "created_at", "updated_at", "barcode", "ranking", "price") VALUES (53, 'ESPAVEN MD CAPS C/20', '2026-03-20 23:29:35.170604+00', '2026-03-20 23:29:35.170604+00', 7501122963103, 'E', 290.00) ON CONFLICT (id) DO NOTHING;
INSERT INTO products ("id", "name", "created_at", "updated_at", "barcode", "ranking", "price") VALUES (54, 'ENI 500 MG TAB 14', '2026-03-20 23:29:35.172869+00', '2026-03-20 23:29:35.172869+00', 7501123012923, 'C', 580.00) ON CONFLICT (id) DO NOTHING;
INSERT INTO products ("id", "name", "created_at", "updated_at", "barcode", "ranking", "price") VALUES (55, 'BEDOYECTA CAPS C/30', '2026-03-20 23:29:35.174926+00', '2026-03-20 23:29:35.174926+00', 7501123013340, 'A', 259.00) ON CONFLICT (id) DO NOTHING;
INSERT INTO products ("id", "name", "created_at", "updated_at", "barcode", "ranking", "price") VALUES (56, 'LACTEOL FORT PVO C/6 SBS', '2026-03-20 23:29:35.17649+00', '2026-03-20 23:29:35.17649+00', 7501124103118, 'Z', 0.00) ON CONFLICT (id) DO NOTHING;
INSERT INTO products ("id", "name", "created_at", "updated_at", "barcode", "ranking", "price") VALUES (57, 'BROXOL AIR SOL 60ML 150/40MG', '2026-03-20 23:29:35.178293+00', '2026-03-20 23:29:35.178293+00', 7501124103392, 'E', 210.00) ON CONFLICT (id) DO NOTHING;
INSERT INTO products ("id", "name", "created_at", "updated_at", "barcode", "ranking", "price") VALUES (58, 'INFALIN DUO 3/0.25MG SOL OTICA 10ML', '2026-03-20 23:29:35.186529+00', '2026-03-20 23:29:35.186529+00', 7501124180782, 'E', 389.00) ON CONFLICT (id) DO NOTHING;
INSERT INTO products ("id", "name", "created_at", "updated_at", "barcode", "ranking", "price") VALUES (59, 'LACTEOL FORT 16 CAPS 10MIL MILL', '2026-03-20 23:29:35.188705+00', '2026-03-20 23:29:35.188705+00', 7501124184018, 'Z', 0.00) ON CONFLICT (id) DO NOTHING;
INSERT INTO products ("id", "name", "created_at", "updated_at", "barcode", "ranking", "price") VALUES (60, 'CEFAXONA IM 1 G C/1 JER Y AMP 3.5 ML', '2026-03-20 23:29:35.190593+00', '2026-03-20 23:29:35.190593+00', 7501125106231, 'A', 269.00) ON CONFLICT (id) DO NOTHING;
INSERT INTO products ("id", "name", "created_at", "updated_at", "barcode", "ranking", "price") VALUES (61, 'NAXIFELAR 500 MG CAP C/20', '2026-03-20 23:29:35.192136+00', '2026-03-20 23:29:35.192136+00', 7501125126031, 'B', 390.00) ON CONFLICT (id) DO NOTHING;
INSERT INTO products ("id", "name", "created_at", "updated_at", "barcode", "ranking", "price") VALUES (62, 'NAXIFELAR 250MG 5ML SUSP 100ML', '2026-03-20 23:29:35.193923+00', '2026-03-20 23:29:35.193923+00', 7501125140723, 'C', 220.00) ON CONFLICT (id) DO NOTHING;
INSERT INTO products ("id", "name", "created_at", "updated_at", "barcode", "ranking", "price") VALUES (63, 'LIBONIDE INF 125/250MG C/5 AMP', '2026-03-20 23:29:35.195819+00', '2026-03-20 23:29:35.195819+00', 7501125155642, 'A', 289.00) ON CONFLICT (id) DO NOTHING;
INSERT INTO products ("id", "name", "created_at", "updated_at", "barcode", "ranking", "price") VALUES (64, 'LIBONIDE 250/500MG NEB C/5', '2026-03-20 23:29:35.197523+00', '2026-03-20 23:29:35.197523+00', 7501125155659, 'A', 390.00) ON CONFLICT (id) DO NOTHING;
INSERT INTO products ("id", "name", "created_at", "updated_at", "barcode", "ranking", "price") VALUES (65, 'VINZA AMP P/ NEBULIZAR CON 10', '2026-03-20 23:29:35.19993+00', '2026-03-20 23:29:35.19993+00', 7501125160646, 'Z', 0.00) ON CONFLICT (id) DO NOTHING;
INSERT INTO products ("id", "name", "created_at", "updated_at", "barcode", "ranking", "price") VALUES (66, 'ICOBLIS 40/500/500MG TRAT P/7 DIAS', '2026-03-20 23:29:35.202356+00', '2026-03-20 23:29:35.202356+00', 7501125174612, 'C', 890.00) ON CONFLICT (id) DO NOTHING;
INSERT INTO products ("id", "name", "created_at", "updated_at", "barcode", "ranking", "price") VALUES (67, 'BOJIDAR 90 MG C/14 TABS', '2026-03-20 23:29:35.204818+00', '2026-03-20 23:29:35.204818+00', 7501125189012, 'C', 459.00) ON CONFLICT (id) DO NOTHING;
INSERT INTO products ("id", "name", "created_at", "updated_at", "barcode", "ranking", "price") VALUES (68, 'BOJIDAR 120 MG CON 7 CPR', '2026-03-20 23:29:35.214454+00', '2026-03-20 23:29:35.214454+00', 7501125189104, 'E', 390.00) ON CONFLICT (id) DO NOTHING;
INSERT INTO products ("id", "name", "created_at", "updated_at", "barcode", "ranking", "price") VALUES (69, 'TERBAC 1G INY IM', '2026-03-20 23:29:35.2179+00', '2026-03-20 23:29:35.2179+00', 7501125192173, 'A', 350.00) ON CONFLICT (id) DO NOTHING;
INSERT INTO products ("id", "name", "created_at", "updated_at", "barcode", "ranking", "price") VALUES (70, 'NEO MELUBRINA INF JBE 100ML', '2026-03-20 23:29:35.220308+00', '2026-03-20 23:29:35.220308+00', 7501165000315, 'C', 125.00) ON CONFLICT (id) DO NOTHING;
INSERT INTO products ("id", "name", "created_at", "updated_at", "barcode", "ranking", "price") VALUES (71, 'ALLEGRA D TAB 10', '2026-03-20 23:29:35.222405+00', '2026-03-20 23:29:35.222405+00', 7501165006386, 'A', 400.00) ON CONFLICT (id) DO NOTHING;
INSERT INTO products ("id", "name", "created_at", "updated_at", "barcode", "ranking", "price") VALUES (72, 'CARTIGEN 50 MG CAPS 20', '2026-03-20 23:29:35.22424+00', '2026-03-20 23:29:35.22424+00', 7501250838359, 'Z', 0.00) ON CONFLICT (id) DO NOTHING;
INSERT INTO products ("id", "name", "created_at", "updated_at", "barcode", "ranking", "price") VALUES (73, 'FLEVOX 500 MG C/14 TAB', '2026-03-20 23:29:35.226014+00', '2026-03-20 23:29:35.226014+00', 7501258211987, 'C', 700.00) ON CONFLICT (id) DO NOTHING;
INSERT INTO products ("id", "name", "created_at", "updated_at", "barcode", "ranking", "price") VALUES (74, 'FILCOS 120 MG C/7 TAB', '2026-03-20 23:29:35.227732+00', '2026-03-20 23:29:35.227732+00', 7501277030712, 'C', 429.00) ON CONFLICT (id) DO NOTHING;
INSERT INTO products ("id", "name", "created_at", "updated_at", "barcode", "ranking", "price") VALUES (75, 'FILCOS 90 MG C/14 TAB', '2026-03-20 23:29:35.229178+00', '2026-03-20 23:29:35.229178+00', 7501277030729, 'C', 429.00) ON CONFLICT (id) DO NOTHING;
INSERT INTO products ("id", "name", "created_at", "updated_at", "barcode", "ranking", "price") VALUES (76, 'VIBRAMICINA 100MG CAPS 10', '2026-03-20 23:29:35.230918+00', '2026-03-20 23:29:35.230918+00', 7501287631206, 'C', 529.00) ON CONFLICT (id) DO NOTHING;
INSERT INTO products ("id", "name", "created_at", "updated_at", "barcode", "ranking", "price") VALUES (77, 'DENVAR 400MG CAPS C/6', '2026-03-20 23:29:35.235514+00', '2026-03-20 23:29:35.235514+00', 7501298214375, 'E', 700.00) ON CONFLICT (id) DO NOTHING;
INSERT INTO products ("id", "name", "created_at", "updated_at", "barcode", "ranking", "price") VALUES (78, 'DENVAR 2 G SUSP 100 ML', '2026-03-20 23:29:35.23798+00', '2026-03-20 23:29:35.23798+00', 7501298216409, 'C', 0.00) ON CONFLICT (id) DO NOTHING;
INSERT INTO products ("id", "name", "created_at", "updated_at", "barcode", "ranking", "price") VALUES (79, 'DENVAR 2 G SUSP 50ML', '2026-03-20 23:29:35.239836+00', '2026-03-20 23:29:35.239836+00', 7501298216508, 'C', 549.00) ON CONFLICT (id) DO NOTHING;
INSERT INTO products ("id", "name", "created_at", "updated_at", "barcode", "ranking", "price") VALUES (80, 'PARAMIX 2 G SUSP 60 ML', '2026-03-20 23:29:35.241612+00', '2026-03-20 23:29:35.241612+00', 7501299301418, 'Z', 0.00) ON CONFLICT (id) DO NOTHING;
INSERT INTO products ("id", "name", "created_at", "updated_at", "barcode", "ranking", "price") VALUES (81, 'MACROZIT G 500 MG TAB 4', '2026-03-20 23:29:35.243526+00', '2026-03-20 23:29:35.243526+00', 7501299301579, 'B', 395.00) ON CONFLICT (id) DO NOTHING;
INSERT INTO products ("id", "name", "created_at", "updated_at", "barcode", "ranking", "price") VALUES (82, 'MACROZIT ┬áSUSP 30 ML 6 DIAS', '2026-03-20 23:29:35.24512+00', '2026-03-20 23:29:35.24512+00', 7501299301678, 'C', 340.00) ON CONFLICT (id) DO NOTHING;
INSERT INTO products ("id", "name", "created_at", "updated_at", "barcode", "ranking", "price") VALUES (83, 'MUCOFLUX JARABE 120ML', '2026-03-20 23:29:35.247021+00', '2026-03-20 23:29:35.247021+00', 7501299301999, 'A', 250.00) ON CONFLICT (id) DO NOTHING;
INSERT INTO products ("id", "name", "created_at", "updated_at", "barcode", "ranking", "price") VALUES (84, 'SENSIBIT-XP SOL 120ML VASO P', '2026-03-20 23:29:35.249216+00', '2026-03-20 23:29:35.249216+00', 7501299302866, 'E', 245.00) ON CONFLICT (id) DO NOTHING;
INSERT INTO products ("id", "name", "created_at", "updated_at", "barcode", "ranking", "price") VALUES (85, 'MACROZIT 15 ML (3 DIAS)', '2026-03-20 23:29:35.251651+00', '2026-03-20 23:29:35.251651+00', 7501299306840, 'C', 220.00) ON CONFLICT (id) DO NOTHING;
INSERT INTO products ("id", "name", "created_at", "updated_at", "barcode", "ranking", "price") VALUES (86, 'MACROZIT 500 MG TAB C/5', '2026-03-20 23:29:35.254006+00', '2026-03-20 23:29:35.254006+00', 7501299307342, 'A', 390.00) ON CONFLICT (id) DO NOTHING;
INSERT INTO products ("id", "name", "created_at", "updated_at", "barcode", "ranking", "price") VALUES (87, 'SELTAFERON 75 MG C/10 CAPS', '2026-03-20 23:29:35.25605+00', '2026-03-20 23:29:35.25605+00', 7501299307694, 'A', 335.00) ON CONFLICT (id) DO NOTHING;
INSERT INTO products ("id", "name", "created_at", "updated_at", "barcode", "ranking", "price") VALUES (88, 'SENSIBIT RIN SOL PED 60 ML', '2026-03-20 23:29:35.257917+00', '2026-03-20 23:29:35.257917+00', 7501299307885, 'E', 285.00) ON CONFLICT (id) DO NOTHING;
INSERT INTO products ("id", "name", "created_at", "updated_at", "barcode", "ranking", "price") VALUES (89, 'SENSIBIT RIN 30/5MG CAP C/20', '2026-03-20 23:29:35.259566+00', '2026-03-20 23:29:35.259566+00', 7501299308684, 'B', 329.00) ON CONFLICT (id) DO NOTHING;
INSERT INTO products ("id", "name", "created_at", "updated_at", "barcode", "ranking", "price") VALUES (90, 'DOSCOXEL 120MG C/7 TAB', '2026-03-20 23:29:35.261193+00', '2026-03-20 23:29:35.261193+00', 7501299309186, 'C', 590.00) ON CONFLICT (id) DO NOTHING;
INSERT INTO products ("id", "name", "created_at", "updated_at", "barcode", "ranking", "price") VALUES (91, 'EVEREST 5 MG C/30 TABS MAST', '2026-03-20 23:29:35.262791+00', '2026-03-20 23:29:35.262791+00', 7501299330241, 'E', 579.00) ON CONFLICT (id) DO NOTHING;
INSERT INTO products ("id", "name", "created_at", "updated_at", "barcode", "ranking", "price") VALUES (92, 'ZINOLOX ┬á┬á400 MG TAB 7', '2026-03-20 23:29:35.265011+00', '2026-03-20 23:29:35.265011+00', 7501299330357, 'A', 600.00) ON CONFLICT (id) DO NOTHING;
INSERT INTO products ("id", "name", "created_at", "updated_at", "barcode", "ranking", "price") VALUES (93, 'EVEREST GRANULADO 4MG 20 SOB', '2026-03-20 23:29:35.268409+00', '2026-03-20 23:29:35.268409+00', 7501299345009, 'E', 450.00) ON CONFLICT (id) DO NOTHING;
INSERT INTO products ("id", "name", "created_at", "updated_at", "barcode", "ranking", "price") VALUES (94, 'FEBRAX INFANTIL ┬áSUPOS ┬áC/5', '2026-03-20 23:29:35.270844+00', '2026-03-20 23:29:35.270844+00', 7501300407054, 'A', 130.00) ON CONFLICT (id) DO NOTHING;
INSERT INTO products ("id", "name", "created_at", "updated_at", "barcode", "ranking", "price") VALUES (95, 'VODELAN 500/100 MG ┬áC/14 TAB', '2026-03-20 23:29:35.273056+00', '2026-03-20 23:29:35.273056+00', 7501300407160, 'E', 0.00) ON CONFLICT (id) DO NOTHING;
INSERT INTO products ("id", "name", "created_at", "updated_at", "barcode", "ranking", "price") VALUES (96, 'CIRIAX 500 MG CPR 14', '2026-03-20 23:29:35.275233+00', '2026-03-20 23:29:35.275233+00', 7501300407399, 'B', 490.00) ON CONFLICT (id) DO NOTHING;
INSERT INTO products ("id", "name", "created_at", "updated_at", "barcode", "ranking", "price") VALUES (97, 'DORIXINA-RELAX 125/5MG C/20 TABS', '2026-03-20 23:29:35.277117+00', '2026-03-20 23:29:35.277117+00', 7501300408556, 'A', 495.00) ON CONFLICT (id) DO NOTHING;
INSERT INTO products ("id", "name", "created_at", "updated_at", "barcode", "ranking", "price") VALUES (98, 'DAXON 500 MG GRAG 6', '2026-03-20 23:29:35.278821+00', '2026-03-20 23:29:35.278821+00', 7501300408754, 'C', 375.00) ON CONFLICT (id) DO NOTHING;
INSERT INTO products ("id", "name", "created_at", "updated_at", "barcode", "ranking", "price") VALUES (99, 'CEFTREX IM 1G C/1 JER Y AMP 3.5 ML', '2026-03-20 23:29:35.280633+00', '2026-03-20 23:29:35.280633+00', 7501300409669, 'A', 250.00) ON CONFLICT (id) DO NOTHING;
INSERT INTO products ("id", "name", "created_at", "updated_at", "barcode", "ranking", "price") VALUES (100, 'ESTHIPIA 400MG ┬á5 TABLETAS', '2026-03-20 23:29:35.283436+00', '2026-03-20 23:29:35.283436+00', 7501300420015, 'C', 0.00) ON CONFLICT (id) DO NOTHING;
INSERT INTO products ("id", "name", "created_at", "updated_at", "barcode", "ranking", "price") VALUES (101, 'PREGNUS 500MG CAPS C/6', '2026-03-20 23:29:35.286797+00', '2026-03-20 23:29:35.286797+00', 7501300420497, 'C', 249.00) ON CONFLICT (id) DO NOTHING;
INSERT INTO products ("id", "name", "created_at", "updated_at", "barcode", "ranking", "price") VALUES (102, 'RILER 2.5 MG/2.5 ML SOL P/NEBULIZAR C/10 AMP', '2026-03-20 23:29:35.289035+00', '2026-03-20 23:29:35.289035+00', 7501300420671, 'Z', 0.00) ON CONFLICT (id) DO NOTHING;
INSERT INTO products ("id", "name", "created_at", "updated_at", "barcode", "ranking", "price") VALUES (103, 'LEVIGRIX SOL 200 ML', '2026-03-20 23:29:35.291129+00', '2026-03-20 23:29:35.291129+00', 7501300420688, 'E', 319.00) ON CONFLICT (id) DO NOTHING;
INSERT INTO products ("id", "name", "created_at", "updated_at", "barcode", "ranking", "price") VALUES (104, 'PROTEFLOR IBS ┬á5 MILL CON 10 SBR', '2026-03-20 23:29:35.293142+00', '2026-03-20 23:29:35.293142+00', 7501300421340, 'Z', 362.07) ON CONFLICT (id) DO NOTHING;
INSERT INTO products ("id", "name", "created_at", "updated_at", "barcode", "ranking", "price") VALUES (105, 'DAXON 2 G SUSP 30 ML', '2026-03-20 23:29:35.294798+00', '2026-03-20 23:29:35.294798+00', 7501300708762, 'E', 210.00) ON CONFLICT (id) DO NOTHING;
INSERT INTO products ("id", "name", "created_at", "updated_at", "barcode", "ranking", "price") VALUES (106, 'DAXON 2 G SUSP 60 ML', '2026-03-20 23:29:35.296669+00', '2026-03-20 23:29:35.296669+00', 7501300708779, 'E', 300.00) ON CONFLICT (id) DO NOTHING;
INSERT INTO products ("id", "name", "created_at", "updated_at", "barcode", "ranking", "price") VALUES (107, 'FOSFOCIL G.U. INF GDO 2G SB 1', '2026-03-20 23:29:35.299158+00', '2026-03-20 23:29:35.299158+00', 7501314701797, 'E', 400.00) ON CONFLICT (id) DO NOTHING;
INSERT INTO products ("id", "name", "created_at", "updated_at", "barcode", "ranking", "price") VALUES (108, 'ADEL 250 MG SUSP 60 ML', '2026-03-20 23:29:35.301671+00', '2026-03-20 23:29:35.301671+00', 7501314701957, 'Z', 700.00) ON CONFLICT (id) DO NOTHING;
INSERT INTO products ("id", "name", "created_at", "updated_at", "barcode", "ranking", "price") VALUES (109, 'JARSIX JBE 60ML', '2026-03-20 23:29:35.304006+00', '2026-03-20 23:29:35.304006+00', 7501314703685, 'E', 359.00) ON CONFLICT (id) DO NOTHING;
INSERT INTO products ("id", "name", "created_at", "updated_at", "barcode", "ranking", "price") VALUES (110, 'AVELOX 400 MG C/7 TAB', '2026-03-20 23:29:35.316546+00', '2026-03-20 23:29:35.316546+00', 7501318696549, 'E', 690.00) ON CONFLICT (id) DO NOTHING;
INSERT INTO products ("id", "name", "created_at", "updated_at", "barcode", "ranking", "price") VALUES (111, 'MAXTRIM F 160/800 MG C/14 TABS', '2026-03-20 23:29:35.318774+00', '2026-03-20 23:29:35.318774+00', 7501385494499, 'B', 159.00) ON CONFLICT (id) DO NOTHING;
INSERT INTO products ("id", "name", "created_at", "updated_at", "barcode", "ranking", "price") VALUES (112, 'LACTIPAN CAPS 12', '2026-03-20 23:29:35.332316+00', '2026-03-20 23:29:35.332316+00', 7501390911226, 'B', 284.48) ON CONFLICT (id) DO NOTHING;
INSERT INTO products ("id", "name", "created_at", "updated_at", "barcode", "ranking", "price") VALUES (113, 'LACTIPAN PED SB 12', '2026-03-20 23:29:35.335212+00', '2026-03-20 23:29:35.335212+00', 7501390911264, 'E', 421.55) ON CONFLICT (id) DO NOTHING;
INSERT INTO products ("id", "name", "created_at", "updated_at", "barcode", "ranking", "price") VALUES (114, 'KLONAZA 125 MG CAPS ┬á20', '2026-03-20 23:29:35.347492+00', '2026-03-20 23:29:35.347492+00', 7501471800029, 'E', 385.00) ON CONFLICT (id) DO NOTHING;
INSERT INTO products ("id", "name", "created_at", "updated_at", "barcode", "ranking", "price") VALUES (115, 'PANCLASA ┬áC/20 ┬áCAPS', '2026-03-20 23:29:35.349506+00', '2026-03-20 23:29:35.349506+00', 7501471800265, 'E', 200.00) ON CONFLICT (id) DO NOTHING;
INSERT INTO products ("id", "name", "created_at", "updated_at", "barcode", "ranking", "price") VALUES (116, 'MEGION I.M. 500 MG FA 2ML', '2026-03-20 23:29:35.352645+00', '2026-03-20 23:29:35.352645+00', 7502216932517, 'E', 0.00) ON CONFLICT (id) DO NOTHING;
INSERT INTO products ("id", "name", "created_at", "updated_at", "barcode", "ranking", "price") VALUES (117, 'FEVOLUT PARA NEBULIZAR C/10 AMP', '2026-03-20 23:29:35.355294+00', '2026-03-20 23:29:35.355294+00', 7502216935143, 'A', 274.00) ON CONFLICT (id) DO NOTHING;
INSERT INTO products ("id", "name", "created_at", "updated_at", "barcode", "ranking", "price") VALUES (118, 'DYSTALIS 30MG TAB 30', '2026-03-20 23:29:35.357124+00', '2026-03-20 23:29:35.357124+00', 7891317028756, 'Z', 0.00) ON CONFLICT (id) DO NOTHING;

-- Table: sales_history
INSERT INTO sales_history ("id", "doctor_id", "product_id", "quantity", "sale_date", "raw_text", "parsed_at", "created_at") VALUES (99, 46, 66, 1, '2026-03-20', 'Email UID 140 | Ticket 592462', '2026-03-20 23:34:56.92981+00', '2026-03-20 23:34:56.92981+00') ON CONFLICT (id) DO NOTHING;
INSERT INTO sales_history ("id", "doctor_id", "product_id", "quantity", "sale_date", "raw_text", "parsed_at", "created_at") VALUES (100, 47, 15, 1, '2026-03-20', 'Email UID 141 | Ticket 260874', '2026-03-20 23:34:57.011205+00', '2026-03-20 23:34:57.011205+00') ON CONFLICT (id) DO NOTHING;
INSERT INTO sales_history ("id", "doctor_id", "product_id", "quantity", "sale_date", "raw_text", "parsed_at", "created_at") VALUES (101, 48, 55, 1, '2026-03-20', 'Email UID 142 | Ticket 260882', '2026-03-20 23:34:57.102477+00', '2026-03-20 23:34:57.102477+00') ON CONFLICT (id) DO NOTHING;
INSERT INTO sales_history ("id", "doctor_id", "product_id", "quantity", "sale_date", "raw_text", "parsed_at", "created_at") VALUES (116, 1, 55, 1, '2026-03-17', 'Email UID 124 | Ticket 592181', '2026-03-20 23:39:43.276903+00', '2026-03-20 23:39:43.276903+00') ON CONFLICT (id) DO NOTHING;
INSERT INTO sales_history ("id", "doctor_id", "product_id", "quantity", "sale_date", "raw_text", "parsed_at", "created_at") VALUES (117, 42, 66, 1, '2026-03-18', 'Email UID 125 | Ticket 260774', '2026-03-20 23:39:43.398781+00', '2026-03-20 23:39:43.398781+00') ON CONFLICT (id) DO NOTHING;
INSERT INTO sales_history ("id", "doctor_id", "product_id", "quantity", "sale_date", "raw_text", "parsed_at", "created_at") VALUES (118, 39, 61, 2, '2026-03-18', 'Email UID 126 | Ticket 592298', '2026-03-20 23:39:43.514951+00', '2026-03-20 23:39:43.514951+00') ON CONFLICT (id) DO NOTHING;
INSERT INTO sales_history ("id", "doctor_id", "product_id", "quantity", "sale_date", "raw_text", "parsed_at", "created_at") VALUES (119, 40, 60, 3, '2026-03-18', 'Email UID 127 | Ticket 592306', '2026-03-20 23:39:43.727789+00', '2026-03-20 23:39:43.727789+00') ON CONFLICT (id) DO NOTHING;
INSERT INTO sales_history ("id", "doctor_id", "product_id", "quantity", "sale_date", "raw_text", "parsed_at", "created_at") VALUES (102, 32, 119, 1, '2026-03-15', 'Email UID 110 | Ticket 592054', '2026-03-20 23:36:57.601175+00', '2026-03-20 23:36:57.601175+00') ON CONFLICT (id) DO NOTHING;
INSERT INTO sales_history ("id", "doctor_id", "product_id", "quantity", "sale_date", "raw_text", "parsed_at", "created_at") VALUES (103, 36, 13, 1, '2026-03-16', 'Email UID 111 | Ticket 592074', '2026-03-20 23:36:57.784743+00', '2026-03-20 23:36:57.784743+00') ON CONFLICT (id) DO NOTHING;
INSERT INTO sales_history ("id", "doctor_id", "product_id", "quantity", "sale_date", "raw_text", "parsed_at", "created_at") VALUES (104, 24, 60, 2, '2026-03-16', 'Email UID 112 | Ticket 592090', '2026-03-20 23:36:57.975024+00', '2026-03-20 23:36:57.975024+00') ON CONFLICT (id) DO NOTHING;
INSERT INTO sales_history ("id", "doctor_id", "product_id", "quantity", "sale_date", "raw_text", "parsed_at", "created_at") VALUES (105, 11, 66, 1, '2026-03-16', 'Email UID 119 | Ticket 592126', '2026-03-20 23:36:58.70973+00', '2026-03-20 23:36:58.70973+00') ON CONFLICT (id) DO NOTHING;
INSERT INTO sales_history ("id", "doctor_id", "product_id", "quantity", "sale_date", "raw_text", "parsed_at", "created_at") VALUES (106, 32, 73, 1, '2026-03-17', 'Email UID 121 | Ticket 638682', '2026-03-20 23:36:59.046958+00', '2026-03-20 23:36:59.046958+00') ON CONFLICT (id) DO NOTHING;
INSERT INTO sales_history ("id", "doctor_id", "product_id", "quantity", "sale_date", "raw_text", "parsed_at", "created_at") VALUES (107, 37, 60, 1, '2026-03-17', 'Email UID 122 | Ticket 592173', '2026-03-20 23:36:59.187286+00', '2026-03-20 23:36:59.187286+00') ON CONFLICT (id) DO NOTHING;
INSERT INTO sales_history ("id", "doctor_id", "product_id", "quantity", "sale_date", "raw_text", "parsed_at", "created_at") VALUES (108, 11, 52, 1, '2026-03-17', 'Email UID 123 | Ticket 592178', '2026-03-20 23:36:59.346305+00', '2026-03-20 23:36:59.346305+00') ON CONFLICT (id) DO NOTHING;
INSERT INTO sales_history ("id", "doctor_id", "product_id", "quantity", "sale_date", "raw_text", "parsed_at", "created_at") VALUES (113, 4, 87, 2, '2026-03-19', 'Email UID 129 | Ticket 592376', '2026-03-20 23:37:00.425785+00', '2026-03-20 23:37:00.425785+00') ON CONFLICT (id) DO NOTHING;
INSERT INTO sales_history ("id", "doctor_id", "product_id", "quantity", "sale_date", "raw_text", "parsed_at", "created_at") VALUES (114, 4, 87, 2, '2026-03-19', 'Email UID 130 | Ticket 592376', '2026-03-20 23:37:00.573246+00', '2026-03-20 23:37:00.573246+00') ON CONFLICT (id) DO NOTHING;
INSERT INTO sales_history ("id", "doctor_id", "product_id", "quantity", "sale_date", "raw_text", "parsed_at", "created_at") VALUES (115, 4, 99, 4, '2026-03-19', 'Email UID 131 | Ticket 592376', '2026-03-20 23:37:00.715446+00', '2026-03-20 23:37:00.715446+00') ON CONFLICT (id) DO NOTHING;
INSERT INTO sales_history ("id", "doctor_id", "product_id", "quantity", "sale_date", "raw_text", "parsed_at", "created_at") VALUES (11, 4, NULL, 1, '2026-02-27', 'Email UID 1 | Ticket 143', '2026-03-17 02:10:44.112+00', '2026-03-17 02:10:44.112+00') ON CONFLICT (id) DO NOTHING;
INSERT INTO sales_history ("id", "doctor_id", "product_id", "quantity", "sale_date", "raw_text", "parsed_at", "created_at") VALUES (39, 17, NULL, 1, '2026-03-04', 'Email UID 30 | Ticket 260221', '2026-03-17 02:16:27.477+00', '2026-03-17 02:16:27.477+00') ON CONFLICT (id) DO NOTHING;
INSERT INTO sales_history ("id", "doctor_id", "product_id", "quantity", "sale_date", "raw_text", "parsed_at", "created_at") VALUES (46, 11, NULL, 1, '2026-03-05', 'Email UID 42 | Ticket 591124', '2026-03-17 02:16:31.56+00', '2026-03-17 02:16:31.56+00') ON CONFLICT (id) DO NOTHING;
INSERT INTO sales_history ("id", "doctor_id", "product_id", "quantity", "sale_date", "raw_text", "parsed_at", "created_at") VALUES (58, 23, NULL, 1, '2026-03-07', 'Email UID 56 | Ticket 591319', '2026-03-17 02:16:35.255+00', '2026-03-17 02:16:35.255+00') ON CONFLICT (id) DO NOTHING;
INSERT INTO sales_history ("id", "doctor_id", "product_id", "quantity", "sale_date", "raw_text", "parsed_at", "created_at") VALUES (67, 12, NULL, 1, '2026-03-09', 'Email UID 70 | Ticket 200884', '2026-03-17 02:16:39.457+00', '2026-03-17 02:16:39.457+00') ON CONFLICT (id) DO NOTHING;
INSERT INTO sales_history ("id", "doctor_id", "product_id", "quantity", "sale_date", "raw_text", "parsed_at", "created_at") VALUES (88, 32, NULL, 1, '2026-03-15', 'Email UID 110 | Ticket 592054', '2026-03-17 02:16:50.714+00', '2026-03-17 02:16:50.714+00') ON CONFLICT (id) DO NOTHING;
INSERT INTO sales_history ("id", "doctor_id", "product_id", "quantity", "sale_date", "raw_text", "parsed_at", "created_at") VALUES (74, 4, NULL, 1, '2026-03-11', 'Email UID 80 | Ticket 200910', '2026-03-17 02:16:42.263+00', '2026-03-17 02:16:42.263+00') ON CONFLICT (id) DO NOTHING;
INSERT INTO sales_history ("id", "doctor_id", "product_id", "quantity", "sale_date", "raw_text", "parsed_at", "created_at") VALUES (75, 4, NULL, 1, '2026-03-11', 'Email UID 81 | Ticket 200910', '2026-03-17 02:16:42.516+00', '2026-03-17 02:16:42.516+00') ON CONFLICT (id) DO NOTHING;
INSERT INTO sales_history ("id", "doctor_id", "product_id", "quantity", "sale_date", "raw_text", "parsed_at", "created_at") VALUES (76, 32, NULL, 1, '2026-03-11', 'Email UID 84 | Ticket 591637', '2026-03-17 02:16:43.738+00', '2026-03-17 02:16:43.738+00') ON CONFLICT (id) DO NOTHING;
INSERT INTO sales_history ("id", "doctor_id", "product_id", "quantity", "sale_date", "raw_text", "parsed_at", "created_at") VALUES (17, 47, NULL, 1, '2026-03-20', 'Email UID 141 | Ticket 260874', '2026-03-20 22:47:45.42398+00', '2026-03-20 22:47:45.42398+00') ON CONFLICT (id) DO NOTHING;
INSERT INTO sales_history ("id", "doctor_id", "product_id", "quantity", "sale_date", "raw_text", "parsed_at", "created_at") VALUES (53, 20, NULL, 1, '2026-03-07', 'Email UID 50 | Ticket 260347', '2026-03-17 02:16:33.681+00', '2026-03-17 02:16:33.681+00') ON CONFLICT (id) DO NOTHING;
INSERT INTO sales_history ("id", "doctor_id", "product_id", "quantity", "sale_date", "raw_text", "parsed_at", "created_at") VALUES (23, 5, NULL, 1, '2026-03-02', 'Email UID 14 | Ticket 590788', '2026-03-17 02:16:23.634+00', '2026-03-17 02:16:23.634+00') ON CONFLICT (id) DO NOTHING;
INSERT INTO sales_history ("id", "doctor_id", "product_id", "quantity", "sale_date", "raw_text", "parsed_at", "created_at") VALUES (57, 11, NULL, 1, '2026-03-07', 'Email UID 55 | Ticket 591303', '2026-03-17 02:16:35.056+00', '2026-03-17 02:16:35.056+00') ON CONFLICT (id) DO NOTHING;
INSERT INTO sales_history ("id", "doctor_id", "product_id", "quantity", "sale_date", "raw_text", "parsed_at", "created_at") VALUES (63, 11, NULL, 1, '2026-03-09', 'Email UID 65 | Ticket 638378', '2026-03-17 02:16:38.072+00', '2026-03-17 02:16:38.072+00') ON CONFLICT (id) DO NOTHING;
INSERT INTO sales_history ("id", "doctor_id", "product_id", "quantity", "sale_date", "raw_text", "parsed_at", "created_at") VALUES (60, 5, NULL, 1, '2026-03-08', 'Email UID 60 | Ticket 591369', '2026-03-17 02:16:36.271+00', '2026-03-17 02:16:36.271+00') ON CONFLICT (id) DO NOTHING;
INSERT INTO sales_history ("id", "doctor_id", "product_id", "quantity", "sale_date", "raw_text", "parsed_at", "created_at") VALUES (86, 35, NULL, 1, '2026-03-14', 'Email UID 105 | Ticket 591928', '2026-03-17 02:16:49.518+00', '2026-03-17 02:16:49.518+00') ON CONFLICT (id) DO NOTHING;
INSERT INTO sales_history ("id", "doctor_id", "product_id", "quantity", "sale_date", "raw_text", "parsed_at", "created_at") VALUES (21, 5, NULL, 1, '2026-02-28', 'Email UID 12 | Ticket 590689', '2026-03-17 02:16:23.042+00', '2026-03-17 02:16:23.042+00') ON CONFLICT (id) DO NOTHING;
INSERT INTO sales_history ("id", "doctor_id", "product_id", "quantity", "sale_date", "raw_text", "parsed_at", "created_at") VALUES (15, 7, NULL, 1, '2026-02-27', 'Email UID 6 | Ticket 200707', '2026-03-17 02:16:21.676+00', '2026-03-17 02:16:21.676+00') ON CONFLICT (id) DO NOTHING;
INSERT INTO sales_history ("id", "doctor_id", "product_id", "quantity", "sale_date", "raw_text", "parsed_at", "created_at") VALUES (20, 5, NULL, 1, '2026-02-28', 'Email UID 11 | Ticket 590660', '2026-03-17 02:16:22.826+00', '2026-03-17 02:16:22.826+00') ON CONFLICT (id) DO NOTHING;
INSERT INTO sales_history ("id", "doctor_id", "product_id", "quantity", "sale_date", "raw_text", "parsed_at", "created_at") VALUES (28, 5, NULL, 1, '2026-03-02', 'Email UID 19 | Ticket 590829', '2026-03-17 02:16:24.835+00', '2026-03-17 02:16:24.835+00') ON CONFLICT (id) DO NOTHING;
INSERT INTO sales_history ("id", "doctor_id", "product_id", "quantity", "sale_date", "raw_text", "parsed_at", "created_at") VALUES (84, 11, NULL, 1, '2026-03-13', 'Email UID 102 | Ticket 591887', '2026-03-17 02:16:48.514+00', '2026-03-17 02:16:48.514+00') ON CONFLICT (id) DO NOTHING;
INSERT INTO sales_history ("id", "doctor_id", "product_id", "quantity", "sale_date", "raw_text", "parsed_at", "created_at") VALUES (55, 4, NULL, 1, '2026-03-07', 'Email UID 52 | Ticket 200850', '2026-03-17 02:16:34.082+00', '2026-03-17 02:16:34.082+00') ON CONFLICT (id) DO NOTHING;
INSERT INTO sales_history ("id", "doctor_id", "product_id", "quantity", "sale_date", "raw_text", "parsed_at", "created_at") VALUES (54, 21, NULL, 1, '2026-03-07', 'Email UID 51 | Ticket 591271', '2026-03-17 02:16:33.888+00', '2026-03-17 02:16:33.888+00') ON CONFLICT (id) DO NOTHING;
INSERT INTO sales_history ("id", "doctor_id", "product_id", "quantity", "sale_date", "raw_text", "parsed_at", "created_at") VALUES (69, 30, NULL, 1, '2026-03-10', 'Email UID 73 | Ticket 591558', '2026-03-17 02:16:40.392+00', '2026-03-17 02:16:40.392+00') ON CONFLICT (id) DO NOTHING;
INSERT INTO sales_history ("id", "doctor_id", "product_id", "quantity", "sale_date", "raw_text", "parsed_at", "created_at") VALUES (6, 2, NULL, 1, '2026-02-28', 'Email Sync: Seguimiento FarmaLike', '2026-03-16 23:53:54.76+00', '2026-03-16 23:53:54.76+00') ON CONFLICT (id) DO NOTHING;
INSERT INTO sales_history ("id", "doctor_id", "product_id", "quantity", "sale_date", "raw_text", "parsed_at", "created_at") VALUES (10, 3, NULL, 1, '2026-02-28', 'Email UID 8 | Ticket 260024', '2026-03-17 00:46:17.838+00', '2026-03-17 00:46:17.838+00') ON CONFLICT (id) DO NOTHING;
INSERT INTO sales_history ("id", "doctor_id", "product_id", "quantity", "sale_date", "raw_text", "parsed_at", "created_at") VALUES (29, 13, NULL, 1, '2026-03-02', 'Email UID 20 | Ticket 590843', '2026-03-17 02:16:25.042+00', '2026-03-17 02:16:25.042+00') ON CONFLICT (id) DO NOTHING;
INSERT INTO sales_history ("id", "doctor_id", "product_id", "quantity", "sale_date", "raw_text", "parsed_at", "created_at") VALUES (34, 5, NULL, 1, '2026-03-03', 'Email UID 25 | Ticket 590949', '2026-03-17 02:16:26.249+00', '2026-03-17 02:16:26.249+00') ON CONFLICT (id) DO NOTHING;
INSERT INTO sales_history ("id", "doctor_id", "product_id", "quantity", "sale_date", "raw_text", "parsed_at", "created_at") VALUES (56, 22, NULL, 1, '2026-03-07', 'Email UID 54 | Ticket 260356', '2026-03-17 02:16:34.809+00', '2026-03-17 02:16:34.809+00') ON CONFLICT (id) DO NOTHING;
INSERT INTO sales_history ("id", "doctor_id", "product_id", "quantity", "sale_date", "raw_text", "parsed_at", "created_at") VALUES (111, 11, NULL, 1, '2026-03-17', 'Email UID 123 | Ticket 592178', '2026-03-18 01:51:35.686+00', '2026-03-18 01:51:35.686+00') ON CONFLICT (id) DO NOTHING;
INSERT INTO sales_history ("id", "doctor_id", "product_id", "quantity", "sale_date", "raw_text", "parsed_at", "created_at") VALUES (24, 11, NULL, 1, '2026-03-02', 'Email UID 15 | Ticket 1378149', '2026-03-17 02:16:23.843+00', '2026-03-17 02:16:23.843+00') ON CONFLICT (id) DO NOTHING;
INSERT INTO sales_history ("id", "doctor_id", "product_id", "quantity", "sale_date", "raw_text", "parsed_at", "created_at") VALUES (62, 16, NULL, 1, '2026-03-08', 'Email UID 62 | Ticket 591382', '2026-03-17 02:16:36.643+00', '2026-03-17 02:16:36.643+00') ON CONFLICT (id) DO NOTHING;
INSERT INTO sales_history ("id", "doctor_id", "product_id", "quantity", "sale_date", "raw_text", "parsed_at", "created_at") VALUES (85, 34, NULL, 1, '2026-03-14', 'Email UID 104 | Ticket 260682', '2026-03-17 02:16:49.329+00', '2026-03-17 02:16:49.329+00') ON CONFLICT (id) DO NOTHING;
INSERT INTO sales_history ("id", "doctor_id", "product_id", "quantity", "sale_date", "raw_text", "parsed_at", "created_at") VALUES (112, 38, NULL, 1, '2026-03-17', 'Email UID 124 | Ticket 592181', '2026-03-18 01:51:35.988+00', '2026-03-18 01:51:35.988+00') ON CONFLICT (id) DO NOTHING;
INSERT INTO sales_history ("id", "doctor_id", "product_id", "quantity", "sale_date", "raw_text", "parsed_at", "created_at") VALUES (1, 1, NULL, 1, '2026-03-17', 'Email UID 124 | Ticket 592181', '2026-03-18 17:13:57.342804+00', '2026-03-18 17:13:57.342804+00') ON CONFLICT (id) DO NOTHING;
INSERT INTO sales_history ("id", "doctor_id", "product_id", "quantity", "sale_date", "raw_text", "parsed_at", "created_at") VALUES (27, 12, NULL, 1, '2026-03-02', 'Email UID 18 | Ticket 200742', '2026-03-17 02:16:24.634+00', '2026-03-17 02:16:24.634+00') ON CONFLICT (id) DO NOTHING;
INSERT INTO sales_history ("id", "doctor_id", "product_id", "quantity", "sale_date", "raw_text", "parsed_at", "created_at") VALUES (16, 8, NULL, 2, '2026-02-27', 'Email UID 7 | Ticket 590619', '2026-03-17 02:16:21.888+00', '2026-03-17 02:16:21.888+00') ON CONFLICT (id) DO NOTHING;
INSERT INTO sales_history ("id", "doctor_id", "product_id", "quantity", "sale_date", "raw_text", "parsed_at", "created_at") VALUES (42, 16, NULL, 3, '2026-03-05', 'Email UID 35 | Ticket 591112', '2026-03-17 02:16:29.86+00', '2026-03-17 02:16:29.86+00') ON CONFLICT (id) DO NOTHING;
INSERT INTO sales_history ("id", "doctor_id", "product_id", "quantity", "sale_date", "raw_text", "parsed_at", "created_at") VALUES (47, 4, NULL, 6, '2026-03-05', 'Email UID 43 | Ticket 200818', '2026-03-17 02:16:32.075+00', '2026-03-17 02:16:32.075+00') ON CONFLICT (id) DO NOTHING;
INSERT INTO sales_history ("id", "doctor_id", "product_id", "quantity", "sale_date", "raw_text", "parsed_at", "created_at") VALUES (64, 26, NULL, 3, '2026-03-09', 'Email UID 67 | Ticket 200866', '2026-03-17 02:16:38.458+00', '2026-03-17 02:16:38.458+00') ON CONFLICT (id) DO NOTHING;
INSERT INTO sales_history ("id", "doctor_id", "product_id", "quantity", "sale_date", "raw_text", "parsed_at", "created_at") VALUES (80, 33, NULL, 5, '2026-03-12', 'Email UID 93 | Ticket 591785', '2026-03-17 02:16:46.225+00', '2026-03-17 02:16:46.225+00') ON CONFLICT (id) DO NOTHING;
INSERT INTO sales_history ("id", "doctor_id", "product_id", "quantity", "sale_date", "raw_text", "parsed_at", "created_at") VALUES (81, 16, NULL, 4, '2026-03-13', 'Email UID 96 | Ticket 591837', '2026-03-17 02:16:46.858+00', '2026-03-17 02:16:46.858+00') ON CONFLICT (id) DO NOTHING;
INSERT INTO sales_history ("id", "doctor_id", "product_id", "quantity", "sale_date", "raw_text", "parsed_at", "created_at") VALUES (82, 16, NULL, 4, '2026-03-13', 'Email UID 97 | Ticket 591837', '2026-03-17 02:16:47.056+00', '2026-03-17 02:16:47.056+00') ON CONFLICT (id) DO NOTHING;
INSERT INTO sales_history ("id", "doctor_id", "product_id", "quantity", "sale_date", "raw_text", "parsed_at", "created_at") VALUES (90, 24, NULL, 2, '2026-03-16', 'Email UID 112 | Ticket 592090', '2026-03-17 02:16:51.113+00', '2026-03-17 02:16:51.113+00') ON CONFLICT (id) DO NOTHING;
INSERT INTO sales_history ("id", "doctor_id", "product_id", "quantity", "sale_date", "raw_text", "parsed_at", "created_at") VALUES (110, 37, NULL, 1, '2026-03-17', 'Email UID 122 | Ticket 592173', '2026-03-18 01:51:35.59+00', '2026-03-18 01:51:35.59+00') ON CONFLICT (id) DO NOTHING;
INSERT INTO sales_history ("id", "doctor_id", "product_id", "quantity", "sale_date", "raw_text", "parsed_at", "created_at") VALUES (7, 40, NULL, 3, '2026-03-18', 'Email UID 127 | Ticket 592306', '2026-03-19 23:40:17.139087+00', '2026-03-19 23:40:17.139087+00') ON CONFLICT (id) DO NOTHING;
INSERT INTO sales_history ("id", "doctor_id", "product_id", "quantity", "sale_date", "raw_text", "parsed_at", "created_at") VALUES (13, 5, NULL, 1, '2026-02-27', 'Email UID 4 | Ticket 259973', '2026-03-17 02:16:21.28+00', '2026-03-17 02:16:21.28+00') ON CONFLICT (id) DO NOTHING;
INSERT INTO sales_history ("id", "doctor_id", "product_id", "quantity", "sale_date", "raw_text", "parsed_at", "created_at") VALUES (14, 6, NULL, 1, '2026-02-27', 'Email UID 5 | Ticket 200700', '2026-03-17 02:16:21.471+00', '2026-03-17 02:16:21.471+00') ON CONFLICT (id) DO NOTHING;
INSERT INTO sales_history ("id", "doctor_id", "product_id", "quantity", "sale_date", "raw_text", "parsed_at", "created_at") VALUES (51, 19, NULL, 1, '2026-03-06', 'Email UID 48 | Ticket 260331', '2026-03-17 02:16:33.256+00', '2026-03-17 02:16:33.256+00') ON CONFLICT (id) DO NOTHING;
INSERT INTO sales_history ("id", "doctor_id", "product_id", "quantity", "sale_date", "raw_text", "parsed_at", "created_at") VALUES (61, 25, NULL, 1, '2026-03-08', 'Email UID 61 | Ticket 591377', '2026-03-17 02:16:36.454+00', '2026-03-17 02:16:36.454+00') ON CONFLICT (id) DO NOTHING;
INSERT INTO sales_history ("id", "doctor_id", "product_id", "quantity", "sale_date", "raw_text", "parsed_at", "created_at") VALUES (68, 29, NULL, 1, '2026-03-10', 'Email UID 71 | Ticket 591509', '2026-03-17 02:16:39.665+00', '2026-03-17 02:16:39.665+00') ON CONFLICT (id) DO NOTHING;
INSERT INTO sales_history ("id", "doctor_id", "product_id", "quantity", "sale_date", "raw_text", "parsed_at", "created_at") VALUES (91, 11, NULL, 1, '2026-03-16', 'Email UID 119 | Ticket 592126', '2026-03-17 02:16:51.642+00', '2026-03-17 02:16:51.642+00') ON CONFLICT (id) DO NOTHING;
INSERT INTO sales_history ("id", "doctor_id", "product_id", "quantity", "sale_date", "raw_text", "parsed_at", "created_at") VALUES (9, 42, NULL, 1, '2026-03-18', 'Email UID 125 | Ticket 260774', '2026-03-20 22:47:42.699675+00', '2026-03-20 22:47:42.699675+00') ON CONFLICT (id) DO NOTHING;
INSERT INTO sales_history ("id", "doctor_id", "product_id", "quantity", "sale_date", "raw_text", "parsed_at", "created_at") VALUES (50, 11, NULL, 1, '2026-03-06', 'Email UID 47 | Ticket 591204', '2026-03-17 02:16:32.915+00', '2026-03-17 02:16:32.915+00') ON CONFLICT (id) DO NOTHING;
INSERT INTO sales_history ("id", "doctor_id", "product_id", "quantity", "sale_date", "raw_text", "parsed_at", "created_at") VALUES (19, 10, NULL, 1, '2026-02-28', 'Email UID 10 | Ticket 590657', '2026-03-17 02:16:22.61+00', '2026-03-17 02:16:22.61+00') ON CONFLICT (id) DO NOTHING;
INSERT INTO sales_history ("id", "doctor_id", "product_id", "quantity", "sale_date", "raw_text", "parsed_at", "created_at") VALUES (73, 11, NULL, 1, '2026-03-10', 'Email UID 79 | Ticket 591589', '2026-03-17 02:16:41.894+00', '2026-03-17 02:16:41.894+00') ON CONFLICT (id) DO NOTHING;
INSERT INTO sales_history ("id", "doctor_id", "product_id", "quantity", "sale_date", "raw_text", "parsed_at", "created_at") VALUES (77, 11, NULL, 1, '2026-03-12', 'Email UID 89 | Ticket 591756', '2026-03-17 02:16:45.088+00', '2026-03-17 02:16:45.088+00') ON CONFLICT (id) DO NOTHING;
INSERT INTO sales_history ("id", "doctor_id", "product_id", "quantity", "sale_date", "raw_text", "parsed_at", "created_at") VALUES (70, 16, NULL, 1, '2026-03-10', 'Email UID 74 | Ticket 260515', '2026-03-17 02:16:40.592+00', '2026-03-17 02:16:40.592+00') ON CONFLICT (id) DO NOTHING;
INSERT INTO sales_history ("id", "doctor_id", "product_id", "quantity", "sale_date", "raw_text", "parsed_at", "created_at") VALUES (71, 16, NULL, 1, '2026-03-10', 'Email UID 75 | Ticket 260515', '2026-03-17 02:16:40.797+00', '2026-03-17 02:16:40.797+00') ON CONFLICT (id) DO NOTHING;
INSERT INTO sales_history ("id", "doctor_id", "product_id", "quantity", "sale_date", "raw_text", "parsed_at", "created_at") VALUES (32, 15, NULL, 1, '2026-03-03', 'Email UID 23 | Ticket 200771', '2026-03-17 02:16:25.83+00', '2026-03-17 02:16:25.83+00') ON CONFLICT (id) DO NOTHING;
INSERT INTO sales_history ("id", "doctor_id", "product_id", "quantity", "sale_date", "raw_text", "parsed_at", "created_at") VALUES (36, 16, NULL, 1, '2026-03-03', 'Email UID 27 | Ticket 260174', '2026-03-17 02:16:26.644+00', '2026-03-17 02:16:26.644+00') ON CONFLICT (id) DO NOTHING;
INSERT INTO sales_history ("id", "doctor_id", "product_id", "quantity", "sale_date", "raw_text", "parsed_at", "created_at") VALUES (65, 27, NULL, 1, '2026-03-09', 'Email UID 68 | Ticket 591475', '2026-03-17 02:16:38.87+00', '2026-03-17 02:16:38.87+00') ON CONFLICT (id) DO NOTHING;
INSERT INTO sales_history ("id", "doctor_id", "product_id", "quantity", "sale_date", "raw_text", "parsed_at", "created_at") VALUES (45, 16, NULL, 1, '2026-03-05', 'Email UID 40 | Ticket 260272', '2026-03-17 02:16:31.178+00', '2026-03-17 02:16:31.178+00') ON CONFLICT (id) DO NOTHING;
INSERT INTO sales_history ("id", "doctor_id", "product_id", "quantity", "sale_date", "raw_text", "parsed_at", "created_at") VALUES (22, 4, NULL, 1, '2026-03-01', 'Email UID 13 | Ticket 590747', '2026-03-17 02:16:23.401+00', '2026-03-17 02:16:23.401+00') ON CONFLICT (id) DO NOTHING;
INSERT INTO sales_history ("id", "doctor_id", "product_id", "quantity", "sale_date", "raw_text", "parsed_at", "created_at") VALUES (25, 4, NULL, 1, '2026-03-02', 'Email UID 16 | Ticket 200740', '2026-03-17 02:16:24.077+00', '2026-03-17 02:16:24.077+00') ON CONFLICT (id) DO NOTHING;
INSERT INTO sales_history ("id", "doctor_id", "product_id", "quantity", "sale_date", "raw_text", "parsed_at", "created_at") VALUES (26, 4, NULL, 2, '2026-03-02', 'Email UID 17 | Ticket 200741', '2026-03-17 02:16:24.279+00', '2026-03-17 02:16:24.279+00') ON CONFLICT (id) DO NOTHING;
INSERT INTO sales_history ("id", "doctor_id", "product_id", "quantity", "sale_date", "raw_text", "parsed_at", "created_at") VALUES (49, 4, NULL, 1, '2026-03-05', 'Email UID 45 | Ticket 200818', '2026-03-17 02:16:32.463+00', '2026-03-17 02:16:32.463+00') ON CONFLICT (id) DO NOTHING;
INSERT INTO sales_history ("id", "doctor_id", "product_id", "quantity", "sale_date", "raw_text", "parsed_at", "created_at") VALUES (2, 4, NULL, 2, '2026-03-19', 'Email UID 129 | Ticket 592376', '2026-03-19 20:40:15.650343+00', '2026-03-19 20:40:15.650343+00') ON CONFLICT (id) DO NOTHING;
INSERT INTO sales_history ("id", "doctor_id", "product_id", "quantity", "sale_date", "raw_text", "parsed_at", "created_at") VALUES (3, 4, NULL, 2, '2026-03-19', 'Email UID 130 | Ticket 592376', '2026-03-19 20:40:15.916671+00', '2026-03-19 20:40:15.916671+00') ON CONFLICT (id) DO NOTHING;
INSERT INTO sales_history ("id", "doctor_id", "product_id", "quantity", "sale_date", "raw_text", "parsed_at", "created_at") VALUES (72, 31, NULL, 1, '2026-03-10', 'Email UID 78 | Ticket 591588', '2026-03-17 02:16:41.67+00', '2026-03-17 02:16:41.67+00') ON CONFLICT (id) DO NOTHING;
INSERT INTO sales_history ("id", "doctor_id", "product_id", "quantity", "sale_date", "raw_text", "parsed_at", "created_at") VALUES (66, 28, NULL, 1, '2026-03-09', 'Email UID 69 | Ticket 260470', '2026-03-17 02:16:39.239+00', '2026-03-17 02:16:39.239+00') ON CONFLICT (id) DO NOTHING;
INSERT INTO sales_history ("id", "doctor_id", "product_id", "quantity", "sale_date", "raw_text", "parsed_at", "created_at") VALUES (83, 11, NULL, 1, '2026-03-13', 'Email UID 101 | Ticket 591869', '2026-03-17 02:16:48.276+00', '2026-03-17 02:16:48.276+00') ON CONFLICT (id) DO NOTHING;
INSERT INTO sales_history ("id", "doctor_id", "product_id", "quantity", "sale_date", "raw_text", "parsed_at", "created_at") VALUES (89, 36, NULL, 1, '2026-03-16', 'Email UID 111 | Ticket 592074', '2026-03-17 02:16:50.913+00', '2026-03-17 02:16:50.913+00') ON CONFLICT (id) DO NOTHING;
INSERT INTO sales_history ("id", "doctor_id", "product_id", "quantity", "sale_date", "raw_text", "parsed_at", "created_at") VALUES (40, 16, NULL, 1, '2026-03-04', 'Email UID 31 | Ticket 260228', '2026-03-17 02:16:27.68+00', '2026-03-17 02:16:27.68+00') ON CONFLICT (id) DO NOTHING;
INSERT INTO sales_history ("id", "doctor_id", "product_id", "quantity", "sale_date", "raw_text", "parsed_at", "created_at") VALUES (48, 4, NULL, 1, '2026-03-05', 'Email UID 44 | Ticket 200818', '2026-03-17 02:16:32.273+00', '2026-03-17 02:16:32.273+00') ON CONFLICT (id) DO NOTHING;
INSERT INTO sales_history ("id", "doctor_id", "product_id", "quantity", "sale_date", "raw_text", "parsed_at", "created_at") VALUES (18, 9, NULL, 1, '2026-02-28', 'Email UID 9 | Ticket 590651', '2026-03-17 02:16:22.408+00', '2026-03-17 02:16:22.408+00') ON CONFLICT (id) DO NOTHING;
INSERT INTO sales_history ("id", "doctor_id", "product_id", "quantity", "sale_date", "raw_text", "parsed_at", "created_at") VALUES (37, 5, NULL, 1, '2026-03-04', 'Email UID 28 | Ticket 591011', '2026-03-17 02:16:27.09+00', '2026-03-17 02:16:27.09+00') ON CONFLICT (id) DO NOTHING;
INSERT INTO sales_history ("id", "doctor_id", "product_id", "quantity", "sale_date", "raw_text", "parsed_at", "created_at") VALUES (38, 11, NULL, 1, '2026-03-04', 'Email UID 29 | Ticket 638213', '2026-03-17 02:16:27.28+00', '2026-03-17 02:16:27.28+00') ON CONFLICT (id) DO NOTHING;
INSERT INTO sales_history ("id", "doctor_id", "product_id", "quantity", "sale_date", "raw_text", "parsed_at", "created_at") VALUES (41, 18, NULL, 1, '2026-03-05', 'Email UID 34 | Ticket 260257', '2026-03-17 02:16:29.667+00', '2026-03-17 02:16:29.667+00') ON CONFLICT (id) DO NOTHING;
INSERT INTO sales_history ("id", "doctor_id", "product_id", "quantity", "sale_date", "raw_text", "parsed_at", "created_at") VALUES (52, 11, NULL, 1, '2026-03-06', 'Email UID 49 | Ticket 591264', '2026-03-17 02:16:33.478+00', '2026-03-17 02:16:33.478+00') ON CONFLICT (id) DO NOTHING;
INSERT INTO sales_history ("id", "doctor_id", "product_id", "quantity", "sale_date", "raw_text", "parsed_at", "created_at") VALUES (87, 33, NULL, 1, '2026-03-14', 'Email UID 108 | Ticket 591985', '2026-03-17 02:16:50.333+00', '2026-03-17 02:16:50.333+00') ON CONFLICT (id) DO NOTHING;
INSERT INTO sales_history ("id", "doctor_id", "product_id", "quantity", "sale_date", "raw_text", "parsed_at", "created_at") VALUES (12, 43, NULL, 1, '2026-03-19', 'Email UID 136 | Ticket 592416', '2026-03-20 22:47:45.035768+00', '2026-03-20 22:47:45.035768+00') ON CONFLICT (id) DO NOTHING;
INSERT INTO sales_history ("id", "doctor_id", "product_id", "quantity", "sale_date", "raw_text", "parsed_at", "created_at") VALUES (33, 16, NULL, 1, '2026-03-03', 'Email UID 24 | Ticket 260173', '2026-03-17 02:16:26.03+00', '2026-03-17 02:16:26.03+00') ON CONFLICT (id) DO NOTHING;
INSERT INTO sales_history ("id", "doctor_id", "product_id", "quantity", "sale_date", "raw_text", "parsed_at", "created_at") VALUES (35, 16, NULL, 3, '2026-03-03', 'Email UID 26 | Ticket 260174', '2026-03-17 02:16:26.436+00', '2026-03-17 02:16:26.436+00') ON CONFLICT (id) DO NOTHING;
INSERT INTO sales_history ("id", "doctor_id", "product_id", "quantity", "sale_date", "raw_text", "parsed_at", "created_at") VALUES (43, 16, NULL, 2, '2026-03-05', 'Email UID 37 | Ticket 260265', '2026-03-17 02:16:30.233+00', '2026-03-17 02:16:30.233+00') ON CONFLICT (id) DO NOTHING;
INSERT INTO sales_history ("id", "doctor_id", "product_id", "quantity", "sale_date", "raw_text", "parsed_at", "created_at") VALUES (78, 16, NULL, 5, '2026-03-12', 'Email UID 90 | Ticket 591777', '2026-03-17 02:16:45.276+00', '2026-03-17 02:16:45.276+00') ON CONFLICT (id) DO NOTHING;
INSERT INTO sales_history ("id", "doctor_id", "product_id", "quantity", "sale_date", "raw_text", "parsed_at", "created_at") VALUES (79, 16, NULL, 5, '2026-03-12', 'Email UID 91 | Ticket 591777', '2026-03-17 02:16:45.477+00', '2026-03-17 02:16:45.477+00') ON CONFLICT (id) DO NOTHING;
INSERT INTO sales_history ("id", "doctor_id", "product_id", "quantity", "sale_date", "raw_text", "parsed_at", "created_at") VALUES (109, 32, NULL, 1, '2026-03-17', 'Email UID 121 | Ticket 638682', '2026-03-18 01:51:35.494+00', '2026-03-18 01:51:35.494+00') ON CONFLICT (id) DO NOTHING;
INSERT INTO sales_history ("id", "doctor_id", "product_id", "quantity", "sale_date", "raw_text", "parsed_at", "created_at") VALUES (44, 16, NULL, 1, '2026-03-05', 'Email UID 38 | Ticket 260265', '2026-03-17 02:16:30.793+00', '2026-03-17 02:16:30.793+00') ON CONFLICT (id) DO NOTHING;
INSERT INTO sales_history ("id", "doctor_id", "product_id", "quantity", "sale_date", "raw_text", "parsed_at", "created_at") VALUES (8, 41, NULL, 1, '2026-03-19', 'Email UID 134 | Ticket 260843', '2026-03-19 23:40:18.879857+00', '2026-03-19 23:40:18.879857+00') ON CONFLICT (id) DO NOTHING;
INSERT INTO sales_history ("id", "doctor_id", "product_id", "quantity", "sale_date", "raw_text", "parsed_at", "created_at") VALUES (30, 14, NULL, 1, '2026-03-03', 'Email UID 21 | Ticket 590908', '2026-03-17 02:16:25.247+00', '2026-03-17 02:16:25.247+00') ON CONFLICT (id) DO NOTHING;
INSERT INTO sales_history ("id", "doctor_id", "product_id", "quantity", "sale_date", "raw_text", "parsed_at", "created_at") VALUES (31, 15, NULL, 1, '2026-03-03', 'Email UID 22 | Ticket 200771', '2026-03-17 02:16:25.505+00', '2026-03-17 02:16:25.505+00') ON CONFLICT (id) DO NOTHING;
INSERT INTO sales_history ("id", "doctor_id", "product_id", "quantity", "sale_date", "raw_text", "parsed_at", "created_at") VALUES (59, 24, NULL, 2, '2026-03-07', 'Email UID 59 | Ticket 591342', '2026-03-17 02:16:36.074+00', '2026-03-17 02:16:36.074+00') ON CONFLICT (id) DO NOTHING;
INSERT INTO sales_history ("id", "doctor_id", "product_id", "quantity", "sale_date", "raw_text", "parsed_at", "created_at") VALUES (4, 4, NULL, 4, '2026-03-19', 'Email UID 131 | Ticket 592376', '2026-03-19 20:40:16.002678+00', '2026-03-19 20:40:16.002678+00') ON CONFLICT (id) DO NOTHING;
INSERT INTO sales_history ("id", "doctor_id", "product_id", "quantity", "sale_date", "raw_text", "parsed_at", "created_at") VALUES (5, 4, NULL, 4, '2026-03-19', 'Email UID 132 | Ticket 592376', '2026-03-19 20:40:16.084474+00', '2026-03-19 20:40:16.084474+00') ON CONFLICT (id) DO NOTHING;
INSERT INTO sales_history ("id", "doctor_id", "product_id", "quantity", "sale_date", "raw_text", "parsed_at", "created_at") VALUES (92, 4, 99, 4, '2026-03-19', 'Email UID 132 | Ticket 592376', '2026-03-20 23:34:55.898804+00', '2026-03-20 23:34:55.898804+00') ON CONFLICT (id) DO NOTHING;
INSERT INTO sales_history ("id", "doctor_id", "product_id", "quantity", "sale_date", "raw_text", "parsed_at", "created_at") VALUES (93, 41, 76, 1, '2026-03-19', 'Email UID 134 | Ticket 260843', '2026-03-20 23:34:56.203061+00', '2026-03-20 23:34:56.203061+00') ON CONFLICT (id) DO NOTHING;
INSERT INTO sales_history ("id", "doctor_id", "product_id", "quantity", "sale_date", "raw_text", "parsed_at", "created_at") VALUES (94, 43, 51, 1, '2026-03-19', 'Email UID 135 | Ticket 592416', '2026-03-20 23:34:56.289945+00', '2026-03-20 23:34:56.289945+00') ON CONFLICT (id) DO NOTHING;
INSERT INTO sales_history ("id", "doctor_id", "product_id", "quantity", "sale_date", "raw_text", "parsed_at", "created_at") VALUES (95, 43, 63, 1, '2026-03-19', 'Email UID 136 | Ticket 592416', '2026-03-20 23:34:56.3747+00', '2026-03-20 23:34:56.3747+00') ON CONFLICT (id) DO NOTHING;
INSERT INTO sales_history ("id", "doctor_id", "product_id", "quantity", "sale_date", "raw_text", "parsed_at", "created_at") VALUES (96, 44, 111, 1, '2026-03-20', 'Email UID 137 | Ticket 592426', '2026-03-20 23:34:56.462106+00', '2026-03-20 23:34:56.462106+00') ON CONFLICT (id) DO NOTHING;
INSERT INTO sales_history ("id", "doctor_id", "product_id", "quantity", "sale_date", "raw_text", "parsed_at", "created_at") VALUES (97, 5, 36, 1, '2026-03-20', 'Email UID 138 | Ticket 592447', '2026-03-20 23:34:56.54706+00', '2026-03-20 23:34:56.54706+00') ON CONFLICT (id) DO NOTHING;
INSERT INTO sales_history ("id", "doctor_id", "product_id", "quantity", "sale_date", "raw_text", "parsed_at", "created_at") VALUES (98, 45, 66, 2, '2026-03-20', 'Email UID 139 | Ticket 592451', '2026-03-20 23:34:56.839415+00', '2026-03-20 23:34:56.839415+00') ON CONFLICT (id) DO NOTHING;


-- Reset sequences to avoid ID conflicts
SELECT setval('doctors_id_seq', 71, false);
SELECT setval('products_id_seq', 120, false);
SELECT setval('sales_history_id_seq', 120, false);
